source,target,combined_score
TNFRSF1A,TIMP1,950
TNFRSF1A,TIMP1,950
TIMP1,TGFB1,873
TIMP1,TGFB1,873
NGFR,PIK3R2,800
NGFR,PIK3R2,800
TIMP1,SERPINE1,773
TIMP1,SERPINE1,773
TGFB1,SERPINE1,745
TGFB1,SERPINE1,745
TNFRSF1A,CSF3,503
TNFRSF1A,CSF3,503
TIMP1,CSF3,512
TIMP1,CSF3,512
TNFRSF1A,CCL2,630
TNFRSF1A,CCL2,630
TIMP1,CCL2,745
TIMP1,CCL2,745
TGFB1,CCL2,655
TGFB1,CCL2,655
SERPINE1,CCL2,762
SERPINE1,CCL2,762
CSF3,CCL2,984
CSF3,CCL2,984
TGFB1,CCND1,544
TGFB1,CCND1,544
TNFRSF1A,IFNG,592
TNFRSF1A,IFNG,592
TIMP1,IFNG,526
TIMP1,IFNG,526
TGFB1,IFNG,780
TGFB1,IFNG,780
CSF3,IFNG,770
CSF3,IFNG,770
CCL2,IFNG,839
CCL2,IFNG,839
TGFB1,SNAI1,673
TGFB1,SNAI1,673
SERPINE1,SNAI1,557
SERPINE1,SNAI1,557
CCL2,SNAI1,629
CCL2,SNAI1,629
CCND1,SNAI1,689
CCND1,SNAI1,689
NGFR,EREG,622
NGFR,EREG,622
HBEGF,EREG,891
HBEGF,EREG,891
CCND1,BMP4,502
CCND1,BMP4,502
SNAI1,BMP4,505
SNAI1,BMP4,505
TGFB1,SOX9,529
TGFB1,SOX9,529
CCND1,SOX9,610
CCND1,SOX9,610
SNAI1,SOX9,635
SNAI1,SOX9,635
BMP4,SOX9,758
BMP4,SOX9,758
PIK3R2,RAC2,670
PIK3R2,RAC2,670
PLEK,RAC2,747
PLEK,RAC2,747
CCND1,CCNB1,937
CCND1,CCNB1,937
CCND1,POU5F1,595
CCND1,POU5F1,595
SNAI1,POU5F1,713
SNAI1,POU5F1,713
BMP4,POU5F1,747
BMP4,POU5F1,747
SOX9,POU5F1,782
SOX9,POU5F1,782
TNFRSF1A,TLR2,645
TNFRSF1A,TLR2,645
TGFB1,TLR2,523
TGFB1,TLR2,523
CSF3,TLR2,581
CSF3,TLR2,581
CCL2,TLR2,776
CCL2,TLR2,776
IFNG,TLR2,785
IFNG,TLR2,785
PIK3R2,PDGFRB,928
PIK3R2,PDGFRB,928
CSF3,PDGFRB,705
CSF3,PDGFRB,705
IFNG,PDGFRB,724
IFNG,PDGFRB,724
EREG,PDGFRB,658
EREG,PDGFRB,658
TNFRSF1A,MAPK3,550
TNFRSF1A,MAPK3,550
NGFR,MAPK3,508
NGFR,MAPK3,508
TIMP1,MAPK3,512
TIMP1,MAPK3,512
TGFB1,MAPK3,958
TGFB1,MAPK3,958
SERPINE1,MAPK3,527
SERPINE1,MAPK3,527
CCL2,MAPK3,634
CCL2,MAPK3,634
CCND1,MAPK3,750
CCND1,MAPK3,750
IFNG,MAPK3,528
IFNG,MAPK3,528
HBEGF,MAPK3,519
HBEGF,MAPK3,519
NR3C1,MAPK3,963
NR3C1,MAPK3,963
SNAI1,MAPK3,629
SNAI1,MAPK3,629
BMP4,MAPK3,543
BMP4,MAPK3,543
SOX9,MAPK3,527
SOX9,MAPK3,527
RAC2,MAPK3,851
RAC2,MAPK3,851
CCNB1,MAPK3,597
CCNB1,MAPK3,597
TLR2,MAPK3,730
TLR2,MAPK3,730
TNFRSF1A,IL1B,837
TNFRSF1A,IL1B,837
TIMP1,IL1B,750
TIMP1,IL1B,750
TGFB1,IL1B,786
TGFB1,IL1B,786
SERPINE1,IL1B,688
SERPINE1,IL1B,688
CSF3,IL1B,987
CSF3,IL1B,987
CCL2,IL1B,993
CCL2,IL1B,993
CCND1,IL1B,523
CCND1,IL1B,523
IFNG,IL1B,907
IFNG,IL1B,907
HBEGF,IL1B,559
HBEGF,IL1B,559
NR3C1,IL1B,601
NR3C1,IL1B,601
SOX9,IL1B,527
SOX9,IL1B,527
TLR2,IL1B,912
TLR2,IL1B,912
MAPK3,IL1B,712
MAPK3,IL1B,712
CCND1,EPCAM,521
CCND1,EPCAM,521
SNAI1,EPCAM,640
SNAI1,EPCAM,640
SOX9,EPCAM,605
SOX9,EPCAM,605
POU5F1,EPCAM,716
POU5F1,EPCAM,716
PIK3R2,AKT3,909
PIK3R2,AKT3,909
CCND1,AKT3,524
CCND1,AKT3,524
PLEK,AKT3,660
PLEK,AKT3,660
RAC2,AKT3,757
RAC2,AKT3,757
MAPK3,AKT3,882
MAPK3,AKT3,882
TNFRSF1A,IL7,505
TNFRSF1A,IL7,505
PIK3R2,IL7,610
PIK3R2,IL7,610
CSF3,IL7,835
CSF3,IL7,835
CCL2,IL7,743
CCL2,IL7,743
IFNG,IL7,772
IFNG,IL7,772
PDGFRB,IL7,659
PDGFRB,IL7,659
IL1B,IL7,774
IL1B,IL7,774
CCND1,WNT5A,648
CCND1,WNT5A,648
SNAI1,WNT5A,532
SNAI1,WNT5A,532
BMP4,WNT5A,746
BMP4,WNT5A,746
SOX9,WNT5A,657
SOX9,WNT5A,657
RAC2,WNT5A,762
RAC2,WNT5A,762
TNFRSF1A,STAT3,860
TNFRSF1A,STAT3,860
TIMP1,STAT3,952
TIMP1,STAT3,952
TGFB1,STAT3,963
TGFB1,STAT3,963
CSF3,STAT3,883
CSF3,STAT3,883
CCL2,STAT3,889
CCL2,STAT3,889
CCND1,STAT3,995
CCND1,STAT3,995
IFNG,STAT3,810
IFNG,STAT3,810
NR3C1,STAT3,992
NR3C1,STAT3,992
SNAI1,STAT3,779
SNAI1,STAT3,779
BMP4,STAT3,533
BMP4,STAT3,533
CCNB1,STAT3,559
CCNB1,STAT3,559
POU5F1,STAT3,976
POU5F1,STAT3,976
TLR2,STAT3,650
TLR2,STAT3,650
PDGFRB,STAT3,982
PDGFRB,STAT3,982
MAPK3,STAT3,985
MAPK3,STAT3,985
IL1B,STAT3,938
IL1B,STAT3,938
IL7,STAT3,569
IL7,STAT3,569
TNFRSF1A,ICAM1,653
TNFRSF1A,ICAM1,653
TIMP1,ICAM1,635
TIMP1,ICAM1,635
TGFB1,ICAM1,538
TGFB1,ICAM1,538
SERPINE1,ICAM1,718
SERPINE1,ICAM1,718
CSF3,ICAM1,627
CSF3,ICAM1,627
CCL2,ICAM1,874
CCL2,ICAM1,874
IFNG,ICAM1,738
IFNG,ICAM1,738
RAC2,ICAM1,589
RAC2,ICAM1,589
TLR2,ICAM1,677
TLR2,ICAM1,677
MAPK3,ICAM1,610
MAPK3,ICAM1,610
IL1B,ICAM1,874
IL1B,ICAM1,874
IL7,ICAM1,573
IL7,ICAM1,573
STAT3,ICAM1,962
STAT3,ICAM1,962
PIK3R2,ZAP70,887
PIK3R2,ZAP70,887
RAC2,ZAP70,507
RAC2,ZAP70,507
STAT3,ZAP70,514
STAT3,ZAP70,514
ICAM1,ZAP70,587
ICAM1,ZAP70,587
CCND1,RB1,998
CCND1,RB1,998
CCNB1,RB1,799
CCNB1,RB1,799
MAPK3,RB1,946
MAPK3,RB1,946
STAT3,RB1,502
STAT3,RB1,502
HBEGF,PXN,912
HBEGF,PXN,912
PLEK,PXN,603
PLEK,PXN,603
EREG,PXN,901
EREG,PXN,901
RAC2,PXN,705
RAC2,PXN,705
MAPK3,PXN,970
MAPK3,PXN,970
STAT3,PXN,981
STAT3,PXN,981
ZAP70,PXN,660
ZAP70,PXN,660
TNFRSF1A,TP53,569
TNFRSF1A,TP53,569
NGFR,TP53,954
NGFR,TP53,954
TIMP1,TP53,520
TIMP1,TP53,520
TGFB1,TP53,729
TGFB1,TP53,729
SERPINE1,TP53,570
SERPINE1,TP53,570
CCL2,TP53,644
CCL2,TP53,644
CCND1,TP53,911
CCND1,TP53,911
IFNG,TP53,657
IFNG,TP53,657
NR3C1,TP53,979
NR3C1,TP53,979
SNAI1,TP53,996
SNAI1,TP53,996
SOX9,TP53,556
SOX9,TP53,556
CCNB1,TP53,839
CCNB1,TP53,839
POU5F1,TP53,726
POU5F1,TP53,726
PDGFRB,TP53,605
PDGFRB,TP53,605
MAPK3,TP53,981
MAPK3,TP53,981
IL1B,TP53,689
IL1B,TP53,689
EPCAM,TP53,620
EPCAM,TP53,620
AKT3,TP53,955
AKT3,TP53,955
STAT3,TP53,887
STAT3,TP53,887
ICAM1,TP53,568
ICAM1,TP53,568
ZAP70,TP53,528
ZAP70,TP53,528
RB1,TP53,990
RB1,TP53,990
PXN,TP53,592
PXN,TP53,592
TNFRSF1A,RPS27A,927
TNFRSF1A,RPS27A,927
NGFR,RPS27A,900
NGFR,RPS27A,900
TGFB1,RPS27A,600
TGFB1,RPS27A,600
CCND1,RPS27A,716
CCND1,RPS27A,716
HBEGF,RPS27A,622
HBEGF,RPS27A,622
EREG,RPS27A,600
EREG,RPS27A,600
CCNB1,RPS27A,643
CCNB1,RPS27A,643
RB1,RPS27A,907
RB1,RPS27A,907
TP53,RPS27A,998
TP53,RPS27A,998
CCND1,CCNA2,816
CCND1,CCNA2,816
CCNB1,CCNA2,996
CCNB1,CCNA2,996
POU5F1,CCNA2,537
POU5F1,CCNA2,537
MAPK3,CCNA2,551
MAPK3,CCNA2,551
STAT3,CCNA2,515
STAT3,CCNA2,515
RB1,CCNA2,996
RB1,CCNA2,996
TP53,CCNA2,995
TP53,CCNA2,995
RPS27A,CCNA2,673
RPS27A,CCNA2,673
TNFRSF1A,PPARG,932
TNFRSF1A,PPARG,932
TIMP1,PPARG,515
TIMP1,PPARG,515
TGFB1,PPARG,956
TGFB1,PPARG,956
SERPINE1,PPARG,624
SERPINE1,PPARG,624
CCL2,PPARG,709
CCL2,PPARG,709
CCND1,PPARG,616
CCND1,PPARG,616
IFNG,PPARG,579
IFNG,PPARG,579
NR3C1,PPARG,507
NR3C1,PPARG,507
SNAI1,PPARG,774
SNAI1,PPARG,774
BMP4,PPARG,582
BMP4,PPARG,582
SOX9,PPARG,630
SOX9,PPARG,630
TLR2,PPARG,539
TLR2,PPARG,539
MAPK3,PPARG,651
MAPK3,PPARG,651
IL1B,PPARG,745
IL1B,PPARG,745
STAT3,PPARG,711
STAT3,PPARG,711
ICAM1,PPARG,609
ICAM1,PPARG,609
RB1,PPARG,945
RB1,PPARG,945
TP53,PPARG,924
TP53,PPARG,924
PIK3R2,FGFR4,667
PIK3R2,FGFR4,667
EREG,FGFR4,650
EREG,FGFR4,650
MAPK3,FGFR4,925
MAPK3,FGFR4,925
STAT3,FGFR4,876
STAT3,FGFR4,876
RPS27A,FGFR4,647
RPS27A,FGFR4,647
TNFRSF1A,ANXA5,577
TNFRSF1A,ANXA5,577
CCL2,ANXA5,538
CCL2,ANXA5,538
CCND1,ANXA5,819
CCND1,ANXA5,819
IFNG,ANXA5,578
IFNG,ANXA5,578
PLEK,ANXA5,923
PLEK,ANXA5,923
SNAI1,ANXA5,502
SNAI1,ANXA5,502
CCNB1,ANXA5,716
CCNB1,ANXA5,716
POU5F1,ANXA5,518
POU5F1,ANXA5,518
MAPK3,ANXA5,694
MAPK3,ANXA5,694
IL1B,ANXA5,653
IL1B,ANXA5,653
EPCAM,ANXA5,532
EPCAM,ANXA5,532
IL7,ANXA5,521
IL7,ANXA5,521
STAT3,ANXA5,754
STAT3,ANXA5,754
ICAM1,ANXA5,566
ICAM1,ANXA5,566
TP53,ANXA5,829
TP53,ANXA5,829
CCNA2,ANXA5,610
CCNA2,ANXA5,610
CSF3,IL15,778
CSF3,IL15,778
CCL2,IL15,774
CCL2,IL15,774
IFNG,IL15,813
IFNG,IL15,813
TLR2,IL15,590
TLR2,IL15,590
PDGFRB,IL15,660
PDGFRB,IL15,660
IL1B,IL15,815
IL1B,IL15,815
IL7,IL15,939
IL7,IL15,939
STAT3,IL15,841
STAT3,IL15,841
ICAM1,IL15,606
ICAM1,IL15,606
TNFRSF1A,CSF2,560
TNFRSF1A,CSF2,560
TIMP1,CSF2,539
TIMP1,CSF2,539
TGFB1,CSF2,626
TGFB1,CSF2,626
PIK3R2,CSF2,517
PIK3R2,CSF2,517
CSF3,CSF2,992
CSF3,CSF2,992
CCL2,CSF2,988
CCL2,CSF2,988
IFNG,CSF2,862
IFNG,CSF2,862
HBEGF,CSF2,595
HBEGF,CSF2,595
TLR2,CSF2,716
TLR2,CSF2,716
PDGFRB,CSF2,706
PDGFRB,CSF2,706
MAPK3,CSF2,950
MAPK3,CSF2,950
IL1B,CSF2,988
IL1B,CSF2,988
IL7,CSF2,847
IL7,CSF2,847
STAT3,CSF2,967
STAT3,CSF2,967
ICAM1,CSF2,745
ICAM1,CSF2,745
TP53,CSF2,646
TP53,CSF2,646
ANXA5,CSF2,635
ANXA5,CSF2,635
IL15,CSF2,879
IL15,CSF2,879
STAT3,NPM1,694
STAT3,NPM1,694
RB1,NPM1,733
RB1,NPM1,733
TP53,NPM1,999
TP53,NPM1,999
RPS27A,NPM1,502
RPS27A,NPM1,502
TGFB1,SHH,515
TGFB1,SHH,515
CCND1,SHH,623
CCND1,SHH,623
SNAI1,SHH,575
SNAI1,SHH,575
BMP4,SHH,926
BMP4,SHH,926
SOX9,SHH,734
SOX9,SHH,734
CCNB1,SHH,933
CCNB1,SHH,933
POU5F1,SHH,631
POU5F1,SHH,631
WNT5A,SHH,772
WNT5A,SHH,772
STAT3,SHH,522
STAT3,SHH,522
TP53,SHH,640
TP53,SHH,640
RPS27A,SHH,901
RPS27A,SHH,901
TIMP1,MMP3,999
TIMP1,MMP3,999
TGFB1,MMP3,952
TGFB1,MMP3,952
SERPINE1,MMP3,769
SERPINE1,MMP3,769
CCL2,MMP3,795
CCL2,MMP3,795
CCND1,MMP3,541
CCND1,MMP3,541
HBEGF,MMP3,941
HBEGF,MMP3,941
SNAI1,MMP3,532
SNAI1,MMP3,532
SOX9,MMP3,596
SOX9,MMP3,596
MAPK3,MMP3,517
MAPK3,MMP3,517
IL1B,MMP3,825
IL1B,MMP3,825
WNT5A,MMP3,573
WNT5A,MMP3,573
STAT3,MMP3,964
STAT3,MMP3,964
ICAM1,MMP3,612
ICAM1,MMP3,612
TP53,MMP3,523
TP53,MMP3,523
CSF2,MMP3,515
CSF2,MMP3,515
CCL2,STAT6,527
CCL2,STAT6,527
IFNG,STAT6,780
IFNG,STAT6,780
TLR2,STAT6,533
TLR2,STAT6,533
PDGFRB,STAT6,701
PDGFRB,STAT6,701
MAPK3,STAT6,584
MAPK3,STAT6,584
IL1B,STAT6,631
IL1B,STAT6,631
IL7,STAT6,503
IL7,STAT6,503
STAT3,STAT6,872
STAT3,STAT6,872
TP53,STAT6,533
TP53,STAT6,533
PPARG,STAT6,973
PPARG,STAT6,973
IL15,STAT6,527
IL15,STAT6,527
CSF2,STAT6,580
CSF2,STAT6,580
TNFRSF1A,HSPA4,914
TNFRSF1A,HSPA4,914
NR3C1,HSPA4,993
NR3C1,HSPA4,993
SOX9,HSPA4,887
SOX9,HSPA4,887
TLR2,HSPA4,989
TLR2,HSPA4,989
MAPK3,HSPA4,662
MAPK3,HSPA4,662
IL1B,HSPA4,612
IL1B,HSPA4,612
STAT3,HSPA4,534
STAT3,HSPA4,534
TP53,HSPA4,998
TP53,HSPA4,998
ANXA5,HSPA4,620
ANXA5,HSPA4,620
NPM1,HSPA4,700
NPM1,HSPA4,700
NGFR,IRS1,645
NGFR,IRS1,645
PIK3R2,IRS1,999
PIK3R2,IRS1,999
CCL2,IRS1,520
CCL2,IRS1,520
CCND1,IRS1,549
CCND1,IRS1,549
NR3C1,IRS1,560
NR3C1,IRS1,560
PLEK,IRS1,621
PLEK,IRS1,621
PDGFRB,IRS1,732
PDGFRB,IRS1,732
MAPK3,IRS1,975
MAPK3,IRS1,975
IL1B,IRS1,562
IL1B,IRS1,562
AKT3,IRS1,697
AKT3,IRS1,697
IL7,IRS1,630
IL7,IRS1,630
STAT3,IRS1,586
STAT3,IRS1,586
PXN,IRS1,979
PXN,IRS1,979
TP53,IRS1,599
TP53,IRS1,599
PPARG,IRS1,752
PPARG,IRS1,752
FGFR4,IRS1,641
FGFR4,IRS1,641
TNFRSF1A,CXCL8,728
TNFRSF1A,CXCL8,728
TIMP1,CXCL8,713
TIMP1,CXCL8,713
TGFB1,CXCL8,671
TGFB1,CXCL8,671
SERPINE1,CXCL8,732
SERPINE1,CXCL8,732
CSF3,CXCL8,987
CSF3,CXCL8,987
CCL2,CXCL8,995
CCL2,CXCL8,995
CCND1,CXCL8,560
CCND1,CXCL8,560
IFNG,CXCL8,862
IFNG,CXCL8,862
HBEGF,CXCL8,590
HBEGF,CXCL8,590
NR3C1,CXCL8,516
NR3C1,CXCL8,516
SNAI1,CXCL8,638
SNAI1,CXCL8,638
TLR2,CXCL8,861
TLR2,CXCL8,861
MAPK3,CXCL8,681
MAPK3,CXCL8,681
IL1B,CXCL8,998
IL1B,CXCL8,998
IL7,CXCL8,783
IL7,CXCL8,783
STAT3,CXCL8,903
STAT3,CXCL8,903
ICAM1,CXCL8,883
ICAM1,CXCL8,883
TP53,CXCL8,693
TP53,CXCL8,693
PPARG,CXCL8,636
PPARG,CXCL8,636
ANXA5,CXCL8,590
ANXA5,CXCL8,590
IL15,CXCL8,825
IL15,CXCL8,825
CSF2,CXCL8,988
CSF2,CXCL8,988
MMP3,CXCL8,734
MMP3,CXCL8,734
STAT6,CXCL8,535
STAT6,CXCL8,535
HSPA4,CXCL8,519
HSPA4,CXCL8,519
TNFRSF1A,CD34,514
TNFRSF1A,CD34,514
NGFR,CD34,653
NGFR,CD34,653
TGFB1,CD34,554
TGFB1,CD34,554
CSF3,CD34,878
CSF3,CD34,878
CCL2,CD34,571
CCL2,CD34,571
CCND1,CD34,518
CCND1,CD34,518
IFNG,CD34,585
IFNG,CD34,585
BMP4,CD34,621
BMP4,CD34,621
SOX9,CD34,586
SOX9,CD34,586
POU5F1,CD34,732
POU5F1,CD34,732
PDGFRB,CD34,686
PDGFRB,CD34,686
MAPK3,CD34,505
MAPK3,CD34,505
IL1B,CD34,603
IL1B,CD34,603
EPCAM,CD34,603
EPCAM,CD34,603
IL7,CD34,657
IL7,CD34,657
STAT3,CD34,565
STAT3,CD34,565
ICAM1,CD34,669
ICAM1,CD34,669
TP53,CD34,685
TP53,CD34,685
PPARG,CD34,524
PPARG,CD34,524
ANXA5,CD34,712
ANXA5,CD34,712
IL15,CD34,608
IL15,CD34,608
CSF2,CD34,801
CSF2,CD34,801
NPM1,CD34,616
NPM1,CD34,616
STAT6,CD34,519
STAT6,CD34,519
CXCL8,CD34,618
CXCL8,CD34,618
CCND1,EZH2,683
CCND1,EZH2,683
SNAI1,EZH2,998
SNAI1,EZH2,998
CCNB1,EZH2,663
CCNB1,EZH2,663
POU5F1,EZH2,742
POU5F1,EZH2,742
STAT3,EZH2,985
STAT3,EZH2,985
ZAP70,EZH2,646
ZAP70,EZH2,646
RB1,EZH2,673
RB1,EZH2,673
TP53,EZH2,923
TP53,EZH2,923
CCNA2,EZH2,766
CCNA2,EZH2,766
PPARG,EZH2,834
PPARG,EZH2,834
NPM1,EZH2,653
NPM1,EZH2,653
MAPK3,HSPA5,731
MAPK3,HSPA5,731
IL1B,HSPA5,506
IL1B,HSPA5,506
STAT3,HSPA5,582
STAT3,HSPA5,582
ZAP70,HSPA5,547
ZAP70,HSPA5,547
TP53,HSPA5,894
TP53,HSPA5,894
ANXA5,HSPA5,691
ANXA5,HSPA5,691
HSPA4,HSPA5,831
HSPA4,HSPA5,831
CCNB1,PPP2R1A,751
CCNB1,PPP2R1A,751
MAPK3,PPP2R1A,867
MAPK3,PPP2R1A,867
AKT3,PPP2R1A,935
AKT3,PPP2R1A,935
RB1,PPP2R1A,901
RB1,PPP2R1A,901
TP53,PPP2R1A,949
TP53,PPP2R1A,949
RPS27A,PPP2R1A,652
RPS27A,PPP2R1A,652
CCNA2,PPP2R1A,769
CCNA2,PPP2R1A,769
CXCL8,PPP2R1A,902
CXCL8,PPP2R1A,902
PIK3R2,PGR,818
PIK3R2,PGR,818
CCND1,PGR,836
CCND1,PGR,836
NR3C1,PGR,655
NR3C1,PGR,655
MAPK3,PGR,959
MAPK3,PGR,959
EPCAM,PGR,529
EPCAM,PGR,529
STAT3,PGR,953
STAT3,PGR,953
RB1,PGR,700
RB1,PGR,700
TP53,PGR,810
TP53,PGR,810
CCNA2,PGR,519
CCNA2,PGR,519
HSPA4,PGR,962
HSPA4,PGR,962
CD34,PGR,519
CD34,PGR,519
NGFR,CSF1,653
NGFR,CSF1,653
CSF3,CSF1,807
CSF3,CSF1,807
CCL2,CSF1,789
CCL2,CSF1,789
IFNG,CSF1,648
IFNG,CSF1,648
TLR2,CSF1,579
TLR2,CSF1,579
PDGFRB,CSF1,791
PDGFRB,CSF1,791
IL1B,CSF1,755
IL1B,CSF1,755
IL7,CSF1,631
IL7,CSF1,631
STAT3,CSF1,856
STAT3,CSF1,856
ICAM1,CSF1,960
ICAM1,CSF1,960
FGFR4,CSF1,668
FGFR4,CSF1,668
IL15,CSF1,616
IL15,CSF1,616
CSF2,CSF1,868
CSF2,CSF1,868
STAT6,CSF1,508
STAT6,CSF1,508
CXCL8,CSF1,744
CXCL8,CSF1,744
CD34,CSF1,561
CD34,CSF1,561
PIK3R2,SOCS1,761
PIK3R2,SOCS1,761
IFNG,SOCS1,959
IFNG,SOCS1,959
TLR2,SOCS1,544
TLR2,SOCS1,544
IL1B,SOCS1,623
IL1B,SOCS1,623
STAT3,SOCS1,915
STAT3,SOCS1,915
ZAP70,SOCS1,729
ZAP70,SOCS1,729
TP53,SOCS1,987
TP53,SOCS1,987
STAT6,SOCS1,970
STAT6,SOCS1,970
IRS1,SOCS1,991
IRS1,SOCS1,991
CXCL8,SOCS1,523
CXCL8,SOCS1,523
CSF1,SOCS1,608
CSF1,SOCS1,608
TNFRSF1A,CASP9,654
TNFRSF1A,CASP9,654
CCND1,CASP9,755
CCND1,CASP9,755
CCNB1,CASP9,809
CCNB1,CASP9,809
MAPK3,CASP9,970
MAPK3,CASP9,970
IL1B,CASP9,618
IL1B,CASP9,618
AKT3,CASP9,939
AKT3,CASP9,939
STAT3,CASP9,636
STAT3,CASP9,636
TP53,CASP9,862
TP53,CASP9,862
CCNA2,CASP9,602
CCNA2,CASP9,602
ANXA5,CASP9,879
ANXA5,CASP9,879
HSPA4,CASP9,643
HSPA4,CASP9,643
HSPA5,CASP9,708
HSPA5,CASP9,708
PIK3R2,SOCS3,571
PIK3R2,SOCS3,571
CSF3,SOCS3,541
CSF3,SOCS3,541
CCL2,SOCS3,603
CCL2,SOCS3,603
IFNG,SOCS3,826
IFNG,SOCS3,826
TLR2,SOCS3,597
TLR2,SOCS3,597
MAPK3,SOCS3,506
MAPK3,SOCS3,506
IL1B,SOCS3,725
IL1B,SOCS3,725
STAT3,SOCS3,992
STAT3,SOCS3,992
ICAM1,SOCS3,502
ICAM1,SOCS3,502
TP53,SOCS3,871
TP53,SOCS3,871
PPARG,SOCS3,517
PPARG,SOCS3,517
STAT6,SOCS3,707
STAT6,SOCS3,707
IRS1,SOCS3,994
IRS1,SOCS3,994
CXCL8,SOCS3,618
CXCL8,SOCS3,618
SOCS1,SOCS3,862
SOCS1,SOCS3,862
TIMP1,SMAD3,569
TIMP1,SMAD3,569
TGFB1,SMAD3,985
TGFB1,SMAD3,985
SERPINE1,SMAD3,971
SERPINE1,SMAD3,971
CCND1,SMAD3,595
CCND1,SMAD3,595
NR3C1,SMAD3,963
NR3C1,SMAD3,963
SNAI1,SMAD3,990
SNAI1,SMAD3,990
BMP4,SMAD3,809
BMP4,SMAD3,809
SOX9,SMAD3,813
SOX9,SMAD3,813
POU5F1,SMAD3,950
POU5F1,SMAD3,950
MAPK3,SMAD3,962
MAPK3,SMAD3,962
IL1B,SMAD3,561
IL1B,SMAD3,561
STAT3,SMAD3,937
STAT3,SMAD3,937
TP53,SMAD3,985
TP53,SMAD3,985
RPS27A,SMAD3,710
RPS27A,SMAD3,710
PPARG,SMAD3,794
PPARG,SMAD3,794
STAT6,SMAD3,542
STAT6,SMAD3,542
HSPA4,SMAD3,950
HSPA4,SMAD3,950
EZH2,SMAD3,530
EZH2,SMAD3,530
TLR2,SNCA,959
TLR2,SNCA,959
IL1B,SNCA,568
IL1B,SNCA,568
TP53,SNCA,505
TP53,SNCA,505
RPS27A,SNCA,623
RPS27A,SNCA,623
HSPA4,SNCA,999
HSPA4,SNCA,999
HSPA5,SNCA,960
HSPA5,SNCA,960
TNFRSF1A,CAV1,957
TNFRSF1A,CAV1,957
NGFR,CAV1,594
NGFR,CAV1,594
TGFB1,CAV1,933
TGFB1,CAV1,933
SERPINE1,CAV1,606
SERPINE1,CAV1,606
CCND1,CAV1,669
CCND1,CAV1,669
NR3C1,CAV1,710
NR3C1,CAV1,710
POU5F1,CAV1,723
POU5F1,CAV1,723
PDGFRB,CAV1,556
PDGFRB,CAV1,556
MAPK3,CAV1,766
MAPK3,CAV1,766
STAT3,CAV1,881
STAT3,CAV1,881
ICAM1,CAV1,609
ICAM1,CAV1,609
PXN,CAV1,590
PXN,CAV1,590
TP53,CAV1,567
TP53,CAV1,567
PPARG,CAV1,774
PPARG,CAV1,774
SHH,CAV1,728
SHH,CAV1,728
IRS1,CAV1,985
IRS1,CAV1,985
SMAD3,CAV1,943
SMAD3,CAV1,943
SNCA,CAV1,700
SNCA,CAV1,700
PIK3R2,FGFR3,842
PIK3R2,FGFR3,842
CCND1,FGFR3,684
CCND1,FGFR3,684
EREG,FGFR3,661
EREG,FGFR3,661
SOX9,FGFR3,572
SOX9,FGFR3,572
MAPK3,FGFR3,926
MAPK3,FGFR3,926
STAT3,FGFR3,971
STAT3,FGFR3,971
TP53,FGFR3,687
TP53,FGFR3,687
RPS27A,FGFR3,647
RPS27A,FGFR3,647
FGFR4,FGFR3,907
FGFR4,FGFR3,907
SHH,FGFR3,502
SHH,FGFR3,502
IRS1,FGFR3,656
IRS1,FGFR3,656
CSF1,FGFR3,686
CSF1,FGFR3,686
SOCS1,FGFR3,518
SOCS1,FGFR3,518
SOCS3,FGFR3,590
SOCS3,FGFR3,590
MAPK3,MAPT,935
MAPK3,MAPT,935
TP53,MAPT,725
TP53,MAPT,725
RPS27A,MAPT,522
RPS27A,MAPT,522
HSPA4,MAPT,949
HSPA4,MAPT,949
HSPA5,MAPT,605
HSPA5,MAPT,605
SNCA,MAPT,988
SNCA,MAPT,988
PIK3R2,PTK2,863
PIK3R2,PTK2,863
CCND1,PTK2,563
CCND1,PTK2,563
HBEGF,PTK2,619
HBEGF,PTK2,619
SNAI1,PTK2,556
SNAI1,PTK2,556
EREG,PTK2,577
EREG,PTK2,577
PDGFRB,PTK2,877
PDGFRB,PTK2,877
MAPK3,PTK2,944
MAPK3,PTK2,944
STAT3,PTK2,960
STAT3,PTK2,960
PXN,PTK2,999
PXN,PTK2,999
TP53,PTK2,955
TP53,PTK2,955
HSPA4,PTK2,575
HSPA4,PTK2,575
IRS1,PTK2,520
IRS1,PTK2,520
SOCS3,PTK2,920
SOCS3,PTK2,920
CAV1,PTK2,516
CAV1,PTK2,516
TGFB1,CTNNB1,961
TGFB1,CTNNB1,961
PIK3R2,CTNNB1,601
PIK3R2,CTNNB1,601
CCL2,CTNNB1,509
CCL2,CTNNB1,509
CCND1,CTNNB1,993
CCND1,CTNNB1,993
SNAI1,CTNNB1,957
SNAI1,CTNNB1,957
BMP4,CTNNB1,793
BMP4,CTNNB1,793
SOX9,CTNNB1,996
SOX9,CTNNB1,996
RAC2,CTNNB1,681
RAC2,CTNNB1,681
CCNB1,CTNNB1,622
CCNB1,CTNNB1,622
POU5F1,CTNNB1,997
POU5F1,CTNNB1,997
PDGFRB,CTNNB1,539
PDGFRB,CTNNB1,539
MAPK3,CTNNB1,768
MAPK3,CTNNB1,768
IL1B,CTNNB1,612
IL1B,CTNNB1,612
EPCAM,CTNNB1,959
EPCAM,CTNNB1,959
AKT3,CTNNB1,713
AKT3,CTNNB1,713
WNT5A,CTNNB1,911
WNT5A,CTNNB1,911
STAT3,CTNNB1,812
STAT3,CTNNB1,812
ICAM1,CTNNB1,512
ICAM1,CTNNB1,512
ZAP70,CTNNB1,502
ZAP70,CTNNB1,502
RB1,CTNNB1,511
RB1,CTNNB1,511
PXN,CTNNB1,985
PXN,CTNNB1,985
TP53,CTNNB1,863
TP53,CTNNB1,863
RPS27A,CTNNB1,762
RPS27A,CTNNB1,762
CCNA2,CTNNB1,697
CCNA2,CTNNB1,697
PPARG,CTNNB1,997
PPARG,CTNNB1,997
FGFR4,CTNNB1,540
FGFR4,CTNNB1,540
ANXA5,CTNNB1,696
ANXA5,CTNNB1,696
NPM1,CTNNB1,515
NPM1,CTNNB1,515
SHH,CTNNB1,839
SHH,CTNNB1,839
MMP3,CTNNB1,958
MMP3,CTNNB1,958
HSPA4,CTNNB1,578
HSPA4,CTNNB1,578
IRS1,CTNNB1,969
IRS1,CTNNB1,969
CXCL8,CTNNB1,642
CXCL8,CTNNB1,642
CD34,CTNNB1,656
CD34,CTNNB1,656
EZH2,CTNNB1,983
EZH2,CTNNB1,983
HSPA5,CTNNB1,512
HSPA5,CTNNB1,512
PPP2R1A,CTNNB1,812
PPP2R1A,CTNNB1,812
PGR,CTNNB1,606
PGR,CTNNB1,606
CASP9,CTNNB1,612
CASP9,CTNNB1,612
SMAD3,CTNNB1,998
SMAD3,CTNNB1,998
CAV1,CTNNB1,976
CAV1,CTNNB1,976
FGFR3,CTNNB1,660
FGFR3,CTNNB1,660
MAPT,CTNNB1,602
MAPT,CTNNB1,602
PTK2,CTNNB1,816
PTK2,CTNNB1,816
SERPINE1,ANXA2,525
SERPINE1,ANXA2,525
STAT3,ANXA2,809
STAT3,ANXA2,809
ICAM1,ANXA2,554
ICAM1,ANXA2,554
TP53,ANXA2,872
TP53,ANXA2,872
ANXA5,ANXA2,511
ANXA5,ANXA2,511
NPM1,ANXA2,620
NPM1,ANXA2,620
STAT6,ANXA2,695
STAT6,ANXA2,695
HSPA4,ANXA2,562
HSPA4,ANXA2,562
CASP9,ANXA2,530
CASP9,ANXA2,530
CAV1,ANXA2,973
CAV1,ANXA2,973
MAPT,ANXA2,711
MAPT,ANXA2,711
TIMP1,FN1,763
TIMP1,FN1,763
TGFB1,FN1,895
TGFB1,FN1,895
SERPINE1,FN1,815
SERPINE1,FN1,815
CSF3,FN1,528
CSF3,FN1,528
CCL2,FN1,707
CCL2,FN1,707
CCND1,FN1,679
CCND1,FN1,679
IFNG,FN1,559
IFNG,FN1,559
HBEGF,FN1,564
HBEGF,FN1,564
SNAI1,FN1,867
SNAI1,FN1,867
BMP4,FN1,654
BMP4,FN1,654
SOX9,FN1,594
SOX9,FN1,594
RAC2,FN1,521
RAC2,FN1,521
POU5F1,FN1,632
POU5F1,FN1,632
TLR2,FN1,799
TLR2,FN1,799
PDGFRB,FN1,628
PDGFRB,FN1,628
MAPK3,FN1,882
MAPK3,FN1,882
IL1B,FN1,721
IL1B,FN1,721
EPCAM,FN1,571
EPCAM,FN1,571
IL7,FN1,822
IL7,FN1,822
WNT5A,FN1,612
WNT5A,FN1,612
STAT3,FN1,651
STAT3,FN1,651
ICAM1,FN1,746
ICAM1,FN1,746
PXN,FN1,996
PXN,FN1,996
TP53,FN1,670
TP53,FN1,670
PPARG,FN1,567
PPARG,FN1,567
ANXA5,FN1,642
ANXA5,FN1,642
CSF2,FN1,566
CSF2,FN1,566
SHH,FN1,582
SHH,FN1,582
MMP3,FN1,767
MMP3,FN1,767
HSPA4,FN1,623
HSPA4,FN1,623
IRS1,FN1,934
IRS1,FN1,934
CXCL8,FN1,723
CXCL8,FN1,723
CD34,FN1,948
CD34,FN1,948
CSF1,FN1,533
CSF1,FN1,533
SMAD3,FN1,766
SMAD3,FN1,766
CAV1,FN1,797
CAV1,FN1,797
PTK2,FN1,991
PTK2,FN1,991
CTNNB1,FN1,790
CTNNB1,FN1,790
ANXA2,FN1,568
ANXA2,FN1,568
TNFRSF1A,FAS,975
TNFRSF1A,FAS,975
IFNG,FAS,634
IFNG,FAS,634
IL1B,FAS,562
IL1B,FAS,562
IL7,FAS,529
IL7,FAS,529
ICAM1,FAS,580
ICAM1,FAS,580
TP53,FAS,967
TP53,FAS,967
ANXA5,FAS,678
ANXA5,FAS,678
IL15,FAS,532
IL15,FAS,532
HSPA4,FAS,510
HSPA4,FAS,510
CASP9,FAS,721
CASP9,FAS,721
CAV1,FAS,842
CAV1,FAS,842
CTNNB1,FAS,571
CTNNB1,FAS,571
EREG,EPHA2,643
EREG,EPHA2,643
TP53,EPHA2,508
TP53,EPHA2,508
IRS1,EPHA2,719
IRS1,EPHA2,719
CSF1,EPHA2,689
CSF1,EPHA2,689
CAV1,EPHA2,929
CAV1,EPHA2,929
PTK2,EPHA2,954
PTK2,EPHA2,954
CTNNB1,EPHA2,969
CTNNB1,EPHA2,969
FN1,EPHA2,675
FN1,EPHA2,675
TNFRSF1A,CASP8,999
TNFRSF1A,CASP8,999
CCND1,CASP8,678
CCND1,CASP8,678
IFNG,CASP8,519
IFNG,CASP8,519
CCNB1,CASP8,624
CCNB1,CASP8,624
TLR2,CASP8,507
TLR2,CASP8,507
MAPK3,CASP8,980
MAPK3,CASP8,980
IL1B,CASP8,975
IL1B,CASP8,975
STAT3,CASP8,627
STAT3,CASP8,627
TP53,CASP8,977
TP53,CASP8,977
CCNA2,CASP8,528
CCNA2,CASP8,528
ANXA5,CASP8,861
ANXA5,CASP8,861
HSPA4,CASP8,589
HSPA4,CASP8,589
CXCL8,CASP8,538
CXCL8,CASP8,538
HSPA5,CASP8,673
HSPA5,CASP8,673
CASP9,CASP8,636
CASP9,CASP8,636
PTK2,CASP8,771
PTK2,CASP8,771
CTNNB1,CASP8,663
CTNNB1,CASP8,663
ANXA2,CASP8,506
ANXA2,CASP8,506
FAS,CASP8,999
FAS,CASP8,999
PIK3R2,PIK3CG,967
PIK3R2,PIK3CG,967
PLEK,PIK3CG,712
PLEK,PIK3CG,712
RAC2,PIK3CG,599
RAC2,PIK3CG,599
PDGFRB,PIK3CG,931
PDGFRB,PIK3CG,931
MAPK3,PIK3CG,541
MAPK3,PIK3CG,541
AKT3,PIK3CG,935
AKT3,PIK3CG,935
IRS1,PIK3CG,949
IRS1,PIK3CG,949
SOCS1,PIK3CG,607
SOCS1,PIK3CG,607
SOCS3,PIK3CG,617
SOCS3,PIK3CG,617
PTK2,PIK3CG,863
PTK2,PIK3CG,863
TNFRSF1A,STAT1,958
TNFRSF1A,STAT1,958
CSF3,STAT1,525
CSF3,STAT1,525
CCL2,STAT1,672
CCL2,STAT1,672
CCND1,STAT1,895
CCND1,STAT1,895
IFNG,STAT1,983
IFNG,STAT1,983
NR3C1,STAT1,796
NR3C1,STAT1,796
TLR2,STAT1,659
TLR2,STAT1,659
PDGFRB,STAT1,977
PDGFRB,STAT1,977
MAPK3,STAT1,969
MAPK3,STAT1,969
IL1B,STAT1,746
IL1B,STAT1,746
IL7,STAT1,525
IL7,STAT1,525
STAT3,STAT1,988
STAT3,STAT1,988
ICAM1,STAT1,609
ICAM1,STAT1,609
TP53,STAT1,927
TP53,STAT1,927
PPARG,STAT1,854
PPARG,STAT1,854
ANXA5,STAT1,532
ANXA5,STAT1,532
IL15,STAT1,625
IL15,STAT1,625
CSF2,STAT1,962
CSF2,STAT1,962
STAT6,STAT1,866
STAT6,STAT1,866
HSPA4,STAT1,680
HSPA4,STAT1,680
CXCL8,STAT1,679
CXCL8,STAT1,679
CSF1,STAT1,568
CSF1,STAT1,568
SOCS1,STAT1,941
SOCS1,STAT1,941
SOCS3,STAT1,982
SOCS3,STAT1,982
FGFR3,STAT1,959
FGFR3,STAT1,959
PTK2,STAT1,839
PTK2,STAT1,839
CTNNB1,STAT1,569
CTNNB1,STAT1,569
PIK3R2,CD247,603
PIK3R2,CD247,603
IFNG,CD247,569
IFNG,CD247,569
IL7,CD247,531
IL7,CD247,531
STAT3,CD247,549
STAT3,CD247,549
ZAP70,CD247,999
ZAP70,CD247,999
IL15,CD247,611
IL15,CD247,611
CSF2,CD247,505
CSF2,CD247,505
PIK3R2,GAB2,868
PIK3R2,GAB2,868
PDGFRB,GAB2,693
PDGFRB,GAB2,693
MAPK3,GAB2,963
MAPK3,GAB2,963
STAT3,GAB2,516
STAT3,GAB2,516
ZAP70,GAB2,606
ZAP70,GAB2,606
IL15,GAB2,638
IL15,GAB2,638
CSF2,GAB2,910
CSF2,GAB2,910
IRS1,GAB2,604
IRS1,GAB2,604
FGFR3,GAB2,511
FGFR3,GAB2,511
TIMP1,PTGS2,585
TIMP1,PTGS2,585
TGFB1,PTGS2,590
TGFB1,PTGS2,590
SERPINE1,PTGS2,569
SERPINE1,PTGS2,569
CSF3,PTGS2,536
CSF3,PTGS2,536
CCL2,PTGS2,774
CCL2,PTGS2,774
CCND1,PTGS2,678
CCND1,PTGS2,678
IFNG,PTGS2,643
IFNG,PTGS2,643
HBEGF,PTGS2,628
HBEGF,PTGS2,628
EREG,PTGS2,568
EREG,PTGS2,568
TLR2,PTGS2,646
TLR2,PTGS2,646
MAPK3,PTGS2,780
MAPK3,PTGS2,780
IL1B,PTGS2,944
IL1B,PTGS2,944
STAT3,PTGS2,967
STAT3,PTGS2,967
ICAM1,PTGS2,728
ICAM1,PTGS2,728
TP53,PTGS2,994
TP53,PTGS2,994
PPARG,PTGS2,862
PPARG,PTGS2,862
ANXA5,PTGS2,514
ANXA5,PTGS2,514
CSF2,PTGS2,626
CSF2,PTGS2,626
MMP3,PTGS2,691
MMP3,PTGS2,691
HSPA4,PTGS2,605
HSPA4,PTGS2,605
CXCL8,PTGS2,943
CXCL8,PTGS2,943
PGR,PTGS2,586
PGR,PTGS2,586
CSF1,PTGS2,504
CSF1,PTGS2,504
CASP9,PTGS2,568
CASP9,PTGS2,568
SOCS3,PTGS2,535
SOCS3,PTGS2,535
CAV1,PTGS2,930
CAV1,PTGS2,930
CTNNB1,PTGS2,800
CTNNB1,PTGS2,800
FN1,PTGS2,654
FN1,PTGS2,654
CASP8,PTGS2,538
CASP8,PTGS2,538
STAT1,PTGS2,593
STAT1,PTGS2,593
NGFR,NES,656
NGFR,NES,656
CCND1,NES,579
CCND1,NES,579
NR3C1,NES,690
NR3C1,NES,690
BMP4,NES,639
BMP4,NES,639
SOX9,NES,651
SOX9,NES,651
POU5F1,NES,857
POU5F1,NES,857
PDGFRB,NES,609
PDGFRB,NES,609
STAT3,NES,532
STAT3,NES,532
TP53,NES,603
TP53,NES,603
SHH,NES,695
SHH,NES,695
CD34,NES,714
CD34,NES,714
CTNNB1,NES,625
CTNNB1,NES,625
FN1,NES,705
FN1,NES,705
CCND1,MKI67,760
CCND1,MKI67,760
IFNG,MKI67,580
IFNG,MKI67,580
SOX9,MKI67,507
SOX9,MKI67,507
CCNB1,MKI67,920
CCNB1,MKI67,920
MAPK3,MKI67,575
MAPK3,MKI67,575
EPCAM,MKI67,550
EPCAM,MKI67,550
STAT3,MKI67,587
STAT3,MKI67,587
TP53,MKI67,749
TP53,MKI67,749
CCNA2,MKI67,957
CCNA2,MKI67,957
ANXA5,MKI67,665
ANXA5,MKI67,665
SHH,MKI67,565
SHH,MKI67,565
CD34,MKI67,564
CD34,MKI67,564
EZH2,MKI67,742
EZH2,MKI67,742
PGR,MKI67,736
PGR,MKI67,736
CTNNB1,MKI67,690
CTNNB1,MKI67,690
FN1,MKI67,533
FN1,MKI67,533
NES,MKI67,678
NES,MKI67,678
TNFRSF1A,MCL1,560
TNFRSF1A,MCL1,560
CCND1,MCL1,761
CCND1,MCL1,761
CCNB1,MCL1,589
CCNB1,MCL1,589
MAPK3,MCL1,659
MAPK3,MCL1,659
STAT3,MCL1,977
STAT3,MCL1,977
TP53,MCL1,995
TP53,MCL1,995
CCNA2,MCL1,522
CCNA2,MCL1,522
ANXA5,MCL1,804
ANXA5,MCL1,804
HSPA4,MCL1,733
HSPA4,MCL1,733
HSPA5,MCL1,527
HSPA5,MCL1,527
CASP9,MCL1,864
CASP9,MCL1,864
SOCS3,MCL1,939
SOCS3,MCL1,939
CTNNB1,MCL1,573
CTNNB1,MCL1,573
FAS,MCL1,603
FAS,MCL1,603
CASP8,MCL1,825
CASP8,MCL1,825
STAT1,MCL1,949
STAT1,MCL1,949
PIK3R2,NRAS,855
PIK3R2,NRAS,855
CCND1,NRAS,619
CCND1,NRAS,619
HBEGF,NRAS,906
HBEGF,NRAS,906
EREG,NRAS,913
EREG,NRAS,913
PDGFRB,NRAS,953
PDGFRB,NRAS,953
MAPK3,NRAS,983
MAPK3,NRAS,983
AKT3,NRAS,626
AKT3,NRAS,626
ICAM1,NRAS,820
ICAM1,NRAS,820
TP53,NRAS,770
TP53,NRAS,770
RPS27A,NRAS,905
RPS27A,NRAS,905
FGFR4,NRAS,956
FGFR4,NRAS,956
CSF2,NRAS,931
CSF2,NRAS,931
NPM1,NRAS,710
NPM1,NRAS,710
IRS1,NRAS,930
IRS1,NRAS,930
EZH2,NRAS,586
EZH2,NRAS,586
PPP2R1A,NRAS,904
PPP2R1A,NRAS,904
SOCS3,NRAS,907
SOCS3,NRAS,907
FGFR3,NRAS,967
FGFR3,NRAS,967
PTK2,NRAS,927
PTK2,NRAS,927
CTNNB1,NRAS,702
CTNNB1,NRAS,702
FN1,NRAS,718
FN1,NRAS,718
PIK3CG,NRAS,962
PIK3CG,NRAS,962
GAB2,NRAS,938
GAB2,NRAS,938
MCL1,NRAS,519
MCL1,NRAS,519
TNFRSF1A,MMP9,533
TNFRSF1A,MMP9,533
TIMP1,MMP9,999
TIMP1,MMP9,999
TGFB1,MMP9,991
TGFB1,MMP9,991
SERPINE1,MMP9,767
SERPINE1,MMP9,767
CSF3,MMP9,628
CSF3,MMP9,628
CCL2,MMP9,787
CCL2,MMP9,787
CCND1,MMP9,784
CCND1,MMP9,784
IFNG,MMP9,661
IFNG,MMP9,661
HBEGF,MMP9,950
HBEGF,MMP9,950
SNAI1,MMP9,753
SNAI1,MMP9,753
CCNB1,MMP9,536
CCNB1,MMP9,536
TLR2,MMP9,775
TLR2,MMP9,775
MAPK3,MMP9,718
MAPK3,MMP9,718
IL1B,MMP9,882
IL1B,MMP9,882
STAT3,MMP9,973
STAT3,MMP9,973
ICAM1,MMP9,781
ICAM1,MMP9,781
PXN,MMP9,524
PXN,MMP9,524
TP53,MMP9,704
TP53,MMP9,704
PPARG,MMP9,652
PPARG,MMP9,652
ANXA5,MMP9,669
ANXA5,MMP9,669
CSF2,MMP9,625
CSF2,MMP9,625
MMP3,MMP9,918
MMP3,MMP9,918
HSPA4,MMP9,673
HSPA4,MMP9,673
CXCL8,MMP9,871
CXCL8,MMP9,871
CD34,MMP9,599
CD34,MMP9,599
CSF1,MMP9,615
CSF1,MMP9,615
CASP9,MMP9,619
CASP9,MMP9,619
SOCS3,MMP9,546
SOCS3,MMP9,546
SMAD3,MMP9,654
SMAD3,MMP9,654
CAV1,MMP9,521
CAV1,MMP9,521
PTK2,MMP9,656
PTK2,MMP9,656
CTNNB1,MMP9,763
CTNNB1,MMP9,763
FN1,MMP9,608
FN1,MMP9,608
CASP8,MMP9,544
CASP8,MMP9,544
STAT1,MMP9,537
STAT1,MMP9,537
PTGS2,MMP9,760
PTGS2,MMP9,760
MKI67,MMP9,516
MKI67,MMP9,516
TNFRSF1A,SRC,924
TNFRSF1A,SRC,924
TGFB1,SRC,550
TGFB1,SRC,550
PIK3R2,SRC,955
PIK3R2,SRC,955
CCL2,SRC,528
CCL2,SRC,528
CCND1,SRC,983
CCND1,SRC,983
HBEGF,SRC,779
HBEGF,SRC,779
NR3C1,SRC,517
NR3C1,SRC,517
PLEK,SRC,812
PLEK,SRC,812
SNAI1,SRC,612
SNAI1,SRC,612
EREG,SRC,753
EREG,SRC,753
RAC2,SRC,934
RAC2,SRC,934
TLR2,SRC,689
TLR2,SRC,689
PDGFRB,SRC,991
PDGFRB,SRC,991
MAPK3,SRC,971
MAPK3,SRC,971
IL1B,SRC,610
IL1B,SRC,610
AKT3,SRC,773
AKT3,SRC,773
STAT3,SRC,999
STAT3,SRC,999
ICAM1,SRC,570
ICAM1,SRC,570
ZAP70,SRC,922
ZAP70,SRC,922
RB1,SRC,770
RB1,SRC,770
PXN,SRC,999
PXN,SRC,999
TP53,SRC,925
TP53,SRC,925
RPS27A,SRC,782
RPS27A,SRC,782
CCNA2,SRC,618
CCNA2,SRC,618
PPARG,SRC,739
PPARG,SRC,739
ANXA5,SRC,590
ANXA5,SRC,590
CSF2,SRC,503
CSF2,SRC,503
STAT6,SRC,683
STAT6,SRC,683
HSPA4,SRC,685
HSPA4,SRC,685
IRS1,SRC,994
IRS1,SRC,994
CXCL8,SRC,603
CXCL8,SRC,603
CD34,SRC,714
CD34,SRC,714
HSPA5,SRC,654
HSPA5,SRC,654
PPP2R1A,SRC,919
PPP2R1A,SRC,919
PGR,SRC,999
PGR,SRC,999
CSF1,SRC,645
CSF1,SRC,645
SOCS1,SRC,596
SOCS1,SRC,596
CASP9,SRC,516
CASP9,SRC,516
SOCS3,SRC,611
SOCS3,SRC,611
SMAD3,SRC,577
SMAD3,SRC,577
SNCA,SRC,944
SNCA,SRC,944
CAV1,SRC,999
CAV1,SRC,999
FGFR3,SRC,929
FGFR3,SRC,929
MAPT,SRC,878
MAPT,SRC,878
PTK2,SRC,994
PTK2,SRC,994
CTNNB1,SRC,999
CTNNB1,SRC,999
ANXA2,SRC,591
ANXA2,SRC,591
FN1,SRC,981
FN1,SRC,981
FAS,SRC,971
FAS,SRC,971
EPHA2,SRC,927
EPHA2,SRC,927
CASP8,SRC,981
CASP8,SRC,981
PIK3CG,SRC,826
PIK3CG,SRC,826
STAT1,SRC,980
STAT1,SRC,980
CD247,SRC,946
CD247,SRC,946
GAB2,SRC,893
GAB2,SRC,893
PTGS2,SRC,657
PTGS2,SRC,657
MCL1,SRC,561
MCL1,SRC,561
NRAS,SRC,972
NRAS,SRC,972
MMP9,SRC,970
MMP9,SRC,970
TNFRSF1A,TLR4,677
TNFRSF1A,TLR4,677
TGFB1,TLR4,568
TGFB1,TLR4,568
PIK3R2,TLR4,814
PIK3R2,TLR4,814
SERPINE1,TLR4,516
SERPINE1,TLR4,516
CSF3,TLR4,679
CSF3,TLR4,679
CCL2,TLR4,829
CCL2,TLR4,829
IFNG,TLR4,798
IFNG,TLR4,798
PLEK,TLR4,653
PLEK,TLR4,653
TLR2,TLR4,903
TLR2,TLR4,903
MAPK3,TLR4,826
MAPK3,TLR4,826
IL1B,TLR4,927
IL1B,TLR4,927
STAT3,TLR4,777
STAT3,TLR4,777
ICAM1,TLR4,796
ICAM1,TLR4,796
TP53,TLR4,536
TP53,TLR4,536
RPS27A,TLR4,908
RPS27A,TLR4,908
PPARG,TLR4,681
PPARG,TLR4,681
ANXA5,TLR4,663
ANXA5,TLR4,663
IL15,TLR4,644
IL15,TLR4,644
CSF2,TLR4,765
CSF2,TLR4,765
MMP3,TLR4,508
MMP3,TLR4,508
STAT6,TLR4,582
STAT6,TLR4,582
HSPA4,TLR4,992
HSPA4,TLR4,992
IRS1,TLR4,503
IRS1,TLR4,503
CXCL8,TLR4,891
CXCL8,TLR4,891
CSF1,TLR4,642
CSF1,TLR4,642
SOCS1,TLR4,632
SOCS1,TLR4,632
SOCS3,TLR4,646
SOCS3,TLR4,646
SNCA,TLR4,840
SNCA,TLR4,840
CAV1,TLR4,990
CAV1,TLR4,990
CTNNB1,TLR4,518
CTNNB1,TLR4,518
ANXA2,TLR4,939
ANXA2,TLR4,939
FN1,TLR4,989
FN1,TLR4,989
CASP8,TLR4,846
CASP8,TLR4,846
STAT1,TLR4,700
STAT1,TLR4,700
PTGS2,TLR4,763
PTGS2,TLR4,763
MMP9,TLR4,847
MMP9,TLR4,847
SRC,TLR4,839
SRC,TLR4,839
CCND1,CTTN,564
CCND1,CTTN,564
MAPK3,CTTN,540
MAPK3,CTTN,540
ICAM1,CTTN,670
ICAM1,CTTN,670
PXN,CTTN,999
PXN,CTTN,999
PTK2,CTTN,985
PTK2,CTTN,985
CTNNB1,CTTN,973
CTNNB1,CTTN,973
FN1,CTTN,632
FN1,CTTN,632
MMP9,CTTN,508
MMP9,CTTN,508
SRC,CTTN,999
SRC,CTTN,999
NGFR,PIK3CD,800
NGFR,PIK3CD,800
PIK3R2,PIK3CD,995
PIK3R2,PIK3CD,995
PLEK,PIK3CD,652
PLEK,PIK3CD,652
RAC2,PIK3CD,839
RAC2,PIK3CD,839
PDGFRB,PIK3CD,854
PDGFRB,PIK3CD,854
AKT3,PIK3CD,853
AKT3,PIK3CD,853
ZAP70,PIK3CD,879
ZAP70,PIK3CD,879
FGFR4,PIK3CD,625
FGFR4,PIK3CD,625
CSF2,PIK3CD,591
CSF2,PIK3CD,591
IRS1,PIK3CD,942
IRS1,PIK3CD,942
PGR,PIK3CD,816
PGR,PIK3CD,816
SOCS1,PIK3CD,593
SOCS1,PIK3CD,593
SOCS3,PIK3CD,574
SOCS3,PIK3CD,574
FGFR3,PIK3CD,646
FGFR3,PIK3CD,646
PTK2,PIK3CD,849
PTK2,PIK3CD,849
PIK3CG,PIK3CD,884
PIK3CG,PIK3CD,884
GAB2,PIK3CD,832
GAB2,PIK3CD,832
NRAS,PIK3CD,887
NRAS,PIK3CD,887
SRC,PIK3CD,928
SRC,PIK3CD,928
TLR4,PIK3CD,867
TLR4,PIK3CD,867
TNFRSF1A,PRKCZ,921
TNFRSF1A,PRKCZ,921
NGFR,PRKCZ,912
NGFR,PRKCZ,912
TGFB1,PRKCZ,663
TGFB1,PRKCZ,663
PIK3R2,PRKCZ,827
PIK3R2,PRKCZ,827
RAC2,PRKCZ,706
RAC2,PRKCZ,706
TLR2,PRKCZ,734
TLR2,PRKCZ,734
MAPK3,PRKCZ,881
MAPK3,PRKCZ,881
AKT3,PRKCZ,937
AKT3,PRKCZ,937
TP53,PRKCZ,866
TP53,PRKCZ,866
RPS27A,PRKCZ,625
RPS27A,PRKCZ,625
IRS1,PRKCZ,949
IRS1,PRKCZ,949
PPP2R1A,PRKCZ,632
PPP2R1A,PRKCZ,632
CTNNB1,PRKCZ,959
CTNNB1,PRKCZ,959
PIK3CG,PRKCZ,930
PIK3CG,PRKCZ,930
GAB2,PRKCZ,901
GAB2,PRKCZ,901
NRAS,PRKCZ,675
NRAS,PRKCZ,675
SRC,PRKCZ,968
SRC,PRKCZ,968
PIK3CD,PRKCZ,830
PIK3CD,PRKCZ,830
BMP4,BMP2,907
BMP4,BMP2,907
SOX9,BMP2,870
SOX9,BMP2,870
POU5F1,BMP2,510
POU5F1,BMP2,510
MAPK3,BMP2,553
MAPK3,BMP2,553
IL1B,BMP2,595
IL1B,BMP2,595
WNT5A,BMP2,735
WNT5A,BMP2,735
PPARG,BMP2,529
PPARG,BMP2,529
SHH,BMP2,887
SHH,BMP2,887
CD34,BMP2,525
CD34,BMP2,525
SMAD3,BMP2,809
SMAD3,BMP2,809
CTNNB1,BMP2,883
CTNNB1,BMP2,883
FN1,BMP2,790
FN1,BMP2,790
CCND1,GATA3,946
CCND1,GATA3,946
IFNG,GATA3,750
IFNG,GATA3,750
BMP4,GATA3,596
BMP4,GATA3,596
POU5F1,GATA3,660
POU5F1,GATA3,660
IL1B,GATA3,569
IL1B,GATA3,569
IL7,GATA3,601
IL7,GATA3,601
STAT3,GATA3,660
STAT3,GATA3,660
ZAP70,GATA3,505
ZAP70,GATA3,505
TP53,GATA3,600
TP53,GATA3,600
PPARG,GATA3,579
PPARG,GATA3,579
IL15,GATA3,562
IL15,GATA3,562
CSF2,GATA3,558
CSF2,GATA3,558
STAT6,GATA3,981
STAT6,GATA3,981
EZH2,GATA3,609
EZH2,GATA3,609
PGR,GATA3,844
PGR,GATA3,844
SMAD3,GATA3,996
SMAD3,GATA3,996
CTNNB1,GATA3,523
CTNNB1,GATA3,523
STAT1,GATA3,648
STAT1,GATA3,648
CCND1,FOXO1,972
CCND1,FOXO1,972
NR3C1,FOXO1,814
NR3C1,FOXO1,814
CCNB1,FOXO1,796
CCNB1,FOXO1,796
POU5F1,FOXO1,557
POU5F1,FOXO1,557
MAPK3,FOXO1,910
MAPK3,FOXO1,910
AKT3,FOXO1,955
AKT3,FOXO1,955
STAT3,FOXO1,993
STAT3,FOXO1,993
TP53,FOXO1,698
TP53,FOXO1,698
PPARG,FOXO1,940
PPARG,FOXO1,940
IRS1,FOXO1,753
IRS1,FOXO1,753
PGR,FOXO1,844
PGR,FOXO1,844
SMAD3,FOXO1,979
SMAD3,FOXO1,979
CAV1,FOXO1,929
CAV1,FOXO1,929
CTNNB1,FOXO1,999
CTNNB1,FOXO1,999
SRC,FOXO1,591
SRC,FOXO1,591
PIK3CD,FOXO1,513
PIK3CD,FOXO1,513
GATA3,FOXO1,524
GATA3,FOXO1,524
CSF3,CD274,508
CSF3,CD274,508
CCL2,CD274,624
CCL2,CD274,624
IFNG,CD274,787
IFNG,CD274,787
TLR2,CD274,554
TLR2,CD274,554
IL1B,CD274,683
IL1B,CD274,683
EPCAM,CD274,561
EPCAM,CD274,561
IL7,CD274,611
IL7,CD274,611
STAT3,CD274,705
STAT3,CD274,705
ICAM1,CD274,596
ICAM1,CD274,596
ZAP70,CD274,512
ZAP70,CD274,512
TP53,CD274,682
TP53,CD274,682
ANXA5,CD274,542
ANXA5,CD274,542
IL15,CD274,681
IL15,CD274,681
CSF2,CD274,736
CSF2,CD274,736
CXCL8,CD274,617
CXCL8,CD274,617
CD34,CD274,504
CD34,CD274,504
CSF1,CD274,605
CSF1,CD274,605
SOCS1,CD274,501
SOCS1,CD274,501
CTNNB1,CD274,528
CTNNB1,CD274,528
FAS,CD274,520
FAS,CD274,520
STAT1,CD274,744
STAT1,CD274,744
CD247,CD274,960
CD247,CD274,960
PTGS2,CD274,511
PTGS2,CD274,511
NRAS,CD274,517
NRAS,CD274,517
TLR4,CD274,608
TLR4,CD274,608
TNFRSF1A,JAK2,913
TNFRSF1A,JAK2,913
PIK3R2,JAK2,850
PIK3R2,JAK2,850
CSF3,JAK2,831
CSF3,JAK2,831
CCL2,JAK2,531
CCL2,JAK2,531
CCND1,JAK2,964
CCND1,JAK2,964
IFNG,JAK2,967
IFNG,JAK2,967
HBEGF,JAK2,922
HBEGF,JAK2,922
PDGFRB,JAK2,947
PDGFRB,JAK2,947
MAPK3,JAK2,937
MAPK3,JAK2,937
IL1B,JAK2,963
IL1B,JAK2,963
IL7,JAK2,802
IL7,JAK2,802
STAT3,JAK2,999
STAT3,JAK2,999
PXN,JAK2,929
PXN,JAK2,929
TP53,JAK2,692
TP53,JAK2,692
ANXA5,JAK2,569
ANXA5,JAK2,569
IL15,JAK2,693
IL15,JAK2,693
CSF2,JAK2,961
CSF2,JAK2,961
NPM1,JAK2,661
NPM1,JAK2,661
STAT6,JAK2,985
STAT6,JAK2,985
HSPA4,JAK2,719
HSPA4,JAK2,719
IRS1,JAK2,999
IRS1,JAK2,999
CXCL8,JAK2,563
CXCL8,JAK2,563
CD34,JAK2,615
CD34,JAK2,615
EZH2,JAK2,741
EZH2,JAK2,741
SOCS1,JAK2,999
SOCS1,JAK2,999
SOCS3,JAK2,999
SOCS3,JAK2,999
CAV1,JAK2,847
CAV1,JAK2,847
FGFR3,JAK2,848
FGFR3,JAK2,848
PTK2,JAK2,958
PTK2,JAK2,958
CTNNB1,JAK2,639
CTNNB1,JAK2,639
PIK3CG,JAK2,990
PIK3CG,JAK2,990
STAT1,JAK2,999
STAT1,JAK2,999
GAB2,JAK2,939
GAB2,JAK2,939
PTGS2,JAK2,502
PTGS2,JAK2,502
MCL1,JAK2,624
MCL1,JAK2,624
NRAS,JAK2,965
NRAS,JAK2,965
MMP9,JAK2,532
MMP9,JAK2,532
SRC,JAK2,956
SRC,JAK2,956
TLR4,JAK2,642
TLR4,JAK2,642
PIK3CD,JAK2,857
PIK3CD,JAK2,857
CD274,JAK2,637
CD274,JAK2,637
PLEK,DNM2,619
PLEK,DNM2,619
PDGFRB,DNM2,903
PDGFRB,DNM2,903
CAV1,DNM2,993
CAV1,DNM2,993
PTK2,DNM2,768
PTK2,DNM2,768
CTNNB1,DNM2,959
CTNNB1,DNM2,959
SRC,DNM2,987
SRC,DNM2,987
TLR4,DNM2,909
TLR4,DNM2,909
CTTN,DNM2,997
CTTN,DNM2,997
TIMP1,SPP1,688
TIMP1,SPP1,688
TGFB1,SPP1,604
TGFB1,SPP1,604
SERPINE1,SPP1,550
SERPINE1,SPP1,550
CCL2,SPP1,690
CCL2,SPP1,690
BMP4,SPP1,616
BMP4,SPP1,616
SOX9,SPP1,666
SOX9,SPP1,666
MAPK3,SPP1,519
MAPK3,SPP1,519
IL1B,SPP1,625
IL1B,SPP1,625
STAT3,SPP1,501
STAT3,SPP1,501
ICAM1,SPP1,538
ICAM1,SPP1,538
TP53,SPP1,579
TP53,SPP1,579
PPARG,SPP1,603
PPARG,SPP1,603
MMP3,SPP1,984
MMP3,SPP1,984
CXCL8,SPP1,622
CXCL8,SPP1,622
CD34,SPP1,591
CD34,SPP1,591
CSF1,SPP1,522
CSF1,SPP1,522
PTK2,SPP1,778
PTK2,SPP1,778
CTNNB1,SPP1,703
CTNNB1,SPP1,703
FN1,SPP1,983
FN1,SPP1,983
PTGS2,SPP1,519
PTGS2,SPP1,519
MMP9,SPP1,717
MMP9,SPP1,717
SRC,SPP1,517
SRC,SPP1,517
BMP2,SPP1,835
BMP2,SPP1,835
NGFR,AREG,629
NGFR,AREG,629
EREG,AREG,942
EREG,AREG,942
PDGFRB,AREG,691
PDGFRB,AREG,691
MAPK3,AREG,517
MAPK3,AREG,517
ICAM1,AREG,589
ICAM1,AREG,589
PXN,AREG,909
PXN,AREG,909
RPS27A,AREG,600
RPS27A,AREG,600
FGFR4,AREG,660
FGFR4,AREG,660
CXCL8,AREG,579
CXCL8,AREG,579
PGR,AREG,619
PGR,AREG,619
FGFR3,AREG,655
FGFR3,AREG,655
PTK2,AREG,584
PTK2,AREG,584
EPHA2,AREG,685
EPHA2,AREG,685
PTGS2,AREG,572
PTGS2,AREG,572
NRAS,AREG,918
NRAS,AREG,918
MMP9,AREG,556
MMP9,AREG,556
SRC,AREG,740
SRC,AREG,740
GATA3,AREG,531
GATA3,AREG,531
TGFB1,SNAI2,556
TGFB1,SNAI2,556
SERPINE1,SNAI2,545
SERPINE1,SNAI2,545
CCND1,SNAI2,703
CCND1,SNAI2,703
BMP4,SNAI2,580
BMP4,SNAI2,580
SOX9,SNAI2,841
SOX9,SNAI2,841
POU5F1,SNAI2,694
POU5F1,SNAI2,694
MAPK3,SNAI2,551
MAPK3,SNAI2,551
EPCAM,SNAI2,618
EPCAM,SNAI2,618
WNT5A,SNAI2,630
WNT5A,SNAI2,630
STAT3,SNAI2,605
STAT3,SNAI2,605
TP53,SNAI2,957
TP53,SNAI2,957
PPARG,SNAI2,732
PPARG,SNAI2,732
SHH,SNAI2,541
SHH,SNAI2,541
MMP3,SNAI2,528
MMP3,SNAI2,528
EZH2,SNAI2,947
EZH2,SNAI2,947
SMAD3,SNAI2,676
SMAD3,SNAI2,676
CAV1,SNAI2,543
CAV1,SNAI2,543
CTNNB1,SNAI2,857
CTNNB1,SNAI2,857
FN1,SNAI2,852
FN1,SNAI2,852
NES,SNAI2,510
NES,SNAI2,510
MMP9,SNAI2,720
MMP9,SNAI2,720
SRC,SNAI2,578
SRC,SNAI2,578
RAC2,PTK2B,896
RAC2,PTK2B,896
WNT5A,PTK2B,704
WNT5A,PTK2B,704
STAT3,PTK2B,559
STAT3,PTK2B,559
PXN,PTK2B,999
PXN,PTK2B,999
TP53,PTK2B,581
TP53,PTK2B,581
IRS1,PTK2B,677
IRS1,PTK2B,677
SOCS3,PTK2B,595
SOCS3,PTK2B,595
FGFR3,PTK2B,941
FGFR3,PTK2B,941
MAPT,PTK2B,608
MAPT,PTK2B,608
PTK2,PTK2B,942
PTK2,PTK2B,942
CTNNB1,PTK2B,627
CTNNB1,PTK2B,627
FN1,PTK2B,594
FN1,PTK2B,594
SRC,PTK2B,984
SRC,PTK2B,984
CTTN,PTK2B,679
CTTN,PTK2B,679
SPP1,PTK2B,923
SPP1,PTK2B,923
PIK3R2,ITGB2,608
PIK3R2,ITGB2,608
PLEK,ITGB2,847
PLEK,ITGB2,847
RAC2,ITGB2,865
RAC2,ITGB2,865
TLR2,ITGB2,719
TLR2,ITGB2,719
IL1B,ITGB2,558
IL1B,ITGB2,558
ICAM1,ITGB2,999
ICAM1,ITGB2,999
ZAP70,ITGB2,519
ZAP70,ITGB2,519
PXN,ITGB2,582
PXN,ITGB2,582
CXCL8,ITGB2,535
CXCL8,ITGB2,535
PTK2,ITGB2,862
PTK2,ITGB2,862
FN1,ITGB2,860
FN1,ITGB2,860
MMP9,ITGB2,955
MMP9,ITGB2,955
SRC,ITGB2,788
SRC,ITGB2,788
TLR4,ITGB2,733
TLR4,ITGB2,733
PIK3CD,ITGB2,660
PIK3CD,ITGB2,660
PTK2B,ITGB2,945
PTK2B,ITGB2,945
RAC2,CTNND1,896
RAC2,CTNND1,896
PXN,CTNND1,655
PXN,CTNND1,655
MMP3,CTNND1,914
MMP3,CTNND1,914
CTNNB1,CTNND1,999
CTNNB1,CTNND1,999
FN1,CTNND1,500
FN1,CTNND1,500
EPHA2,CTNND1,935
EPHA2,CTNND1,935
SRC,CTNND1,997
SRC,CTNND1,997
CTTN,CTNND1,994
CTTN,CTNND1,994
DNM2,CTNND1,912
DNM2,CTNND1,912
CCND1,CDKN1A,999
CCND1,CDKN1A,999
CCNB1,CDKN1A,998
CCNB1,CDKN1A,998
MAPK3,CDKN1A,643
MAPK3,CDKN1A,643
AKT3,CDKN1A,931
AKT3,CDKN1A,931
STAT3,CDKN1A,995
STAT3,CDKN1A,995
RB1,CDKN1A,982
RB1,CDKN1A,982
TP53,CDKN1A,999
TP53,CDKN1A,999
RPS27A,CDKN1A,884
RPS27A,CDKN1A,884
CCNA2,CDKN1A,999
CCNA2,CDKN1A,999
ANXA5,CDKN1A,653
ANXA5,CDKN1A,653
NPM1,CDKN1A,644
NPM1,CDKN1A,644
EZH2,CDKN1A,585
EZH2,CDKN1A,585
PGR,CDKN1A,536
PGR,CDKN1A,536
CASP9,CDKN1A,618
CASP9,CDKN1A,618
SOCS3,CDKN1A,925
SOCS3,CDKN1A,925
SMAD3,CDKN1A,962
SMAD3,CDKN1A,962
CTNNB1,CDKN1A,625
CTNNB1,CDKN1A,625
CASP8,CDKN1A,569
CASP8,CDKN1A,569
STAT1,CDKN1A,951
STAT1,CDKN1A,951
MKI67,CDKN1A,536
MKI67,CDKN1A,536
MCL1,CDKN1A,954
MCL1,CDKN1A,954
SRC,CDKN1A,946
SRC,CDKN1A,946
FOXO1,CDKN1A,740
FOXO1,CDKN1A,740
JAK2,CDKN1A,934
JAK2,CDKN1A,934
TNFRSF1A,IL6,740
TNFRSF1A,IL6,740
TIMP1,IL6,974
TIMP1,IL6,974
TGFB1,IL6,990
TGFB1,IL6,990
SERPINE1,IL6,827
SERPINE1,IL6,827
CSF3,IL6,990
CSF3,IL6,990
CCL2,IL6,994
CCL2,IL6,994
CCND1,IL6,680
CCND1,IL6,680
IFNG,IL6,943
IFNG,IL6,943
HBEGF,IL6,605
HBEGF,IL6,605
NR3C1,IL6,624
NR3C1,IL6,624
SNAI1,IL6,577
SNAI1,IL6,577
BMP4,IL6,508
BMP4,IL6,508
TLR2,IL6,885
TLR2,IL6,885
PDGFRB,IL6,785
PDGFRB,IL6,785
MAPK3,IL6,973
MAPK3,IL6,973
IL1B,IL6,997
IL1B,IL6,997
IL7,IL6,829
IL7,IL6,829
WNT5A,IL6,522
WNT5A,IL6,522
STAT3,IL6,992
STAT3,IL6,992
ICAM1,IL6,890
ICAM1,IL6,890
TP53,IL6,744
TP53,IL6,744
PPARG,IL6,792
PPARG,IL6,792
ANXA5,IL6,697
ANXA5,IL6,697
IL15,IL6,834
IL15,IL6,834
CSF2,IL6,991
CSF2,IL6,991
MMP3,IL6,977
MMP3,IL6,977
STAT6,IL6,738
STAT6,IL6,738
HSPA4,IL6,651
HSPA4,IL6,651
IRS1,IL6,680
IRS1,IL6,680
CXCL8,IL6,997
CXCL8,IL6,997
CD34,IL6,742
CD34,IL6,742
HSPA5,IL6,527
HSPA5,IL6,527
CSF1,IL6,836
CSF1,IL6,836
SOCS1,IL6,727
SOCS1,IL6,727
CASP9,IL6,624
CASP9,IL6,624
SOCS3,IL6,984
SOCS3,IL6,984
SMAD3,IL6,610
SMAD3,IL6,610
SNCA,IL6,509
SNCA,IL6,509
CAV1,IL6,595
CAV1,IL6,595
CTNNB1,IL6,692
CTNNB1,IL6,692
FN1,IL6,895
FN1,IL6,895
FAS,IL6,619
FAS,IL6,619
CASP8,IL6,706
CASP8,IL6,706
STAT1,IL6,985
STAT1,IL6,985
GAB2,IL6,913
GAB2,IL6,913
PTGS2,IL6,913
PTGS2,IL6,913
MKI67,IL6,516
MKI67,IL6,516
MCL1,IL6,602
MCL1,IL6,602
MMP9,IL6,986
MMP9,IL6,986
SRC,IL6,685
SRC,IL6,685
TLR4,IL6,940
TLR4,IL6,940
BMP2,IL6,571
BMP2,IL6,571
GATA3,IL6,670
GATA3,IL6,670
FOXO1,IL6,956
FOXO1,IL6,956
CD274,IL6,749
CD274,IL6,749
JAK2,IL6,989
JAK2,IL6,989
SPP1,IL6,694
SPP1,IL6,694
AREG,IL6,550
AREG,IL6,550
CDKN1A,IL6,524
CDKN1A,IL6,524
TNFRSF1A,CD8A,792
TNFRSF1A,CD8A,792
CSF3,CD8A,687
CSF3,CD8A,687
CCL2,CD8A,766
CCL2,CD8A,766
IFNG,CD8A,902
IFNG,CD8A,902
HBEGF,CD8A,517
HBEGF,CD8A,517
TLR2,CD8A,732
TLR2,CD8A,732
MAPK3,CD8A,520
MAPK3,CD8A,520
IL1B,CD8A,816
IL1B,CD8A,816
EPCAM,CD8A,600
EPCAM,CD8A,600
IL7,CD8A,860
IL7,CD8A,860
STAT3,CD8A,720
STAT3,CD8A,720
ICAM1,CD8A,834
ICAM1,CD8A,834
ZAP70,CD8A,981
ZAP70,CD8A,981
TP53,CD8A,699
TP53,CD8A,699
ANXA5,CD8A,737
ANXA5,CD8A,737
IL15,CD8A,859
IL15,CD8A,859
CSF2,CD8A,857
CSF2,CD8A,857
STAT6,CD8A,612
STAT6,CD8A,612
HSPA4,CD8A,681
HSPA4,CD8A,681
CXCL8,CD8A,768
CXCL8,CD8A,768
CD34,CD8A,775
CD34,CD8A,775
CSF1,CD8A,633
CSF1,CD8A,633
SOCS1,CD8A,630
SOCS1,CD8A,630
SOCS3,CD8A,509
SOCS3,CD8A,509
CTNNB1,CD8A,558
CTNNB1,CD8A,558
FN1,CD8A,588
FN1,CD8A,588
FAS,CD8A,789
FAS,CD8A,789
CASP8,CD8A,558
CASP8,CD8A,558
STAT1,CD8A,716
STAT1,CD8A,716
CD247,CD8A,995
CD247,CD8A,995
PTGS2,CD8A,519
PTGS2,CD8A,519
MKI67,CD8A,526
MKI67,CD8A,526
MCL1,CD8A,582
MCL1,CD8A,582
MMP9,CD8A,619
MMP9,CD8A,619
SRC,CD8A,769
SRC,CD8A,769
TLR4,CD8A,790
TLR4,CD8A,790
GATA3,CD8A,715
GATA3,CD8A,715
FOXO1,CD8A,503
FOXO1,CD8A,503
CD274,CD8A,883
CD274,CD8A,883
JAK2,CD8A,563
JAK2,CD8A,563
ITGB2,CD8A,669
ITGB2,CD8A,669
IL6,CD8A,878
IL6,CD8A,878
TGFB1,CXCR4,514
TGFB1,CXCR4,514
CSF3,CXCR4,813
CSF3,CXCR4,813
CCL2,CXCR4,921
CCL2,CXCR4,921
CCND1,CXCR4,506
CCND1,CXCR4,506
IFNG,CXCR4,567
IFNG,CXCR4,567
SNAI1,CXCR4,508
SNAI1,CXCR4,508
POU5F1,CXCR4,634
POU5F1,CXCR4,634
TLR2,CXCR4,976
TLR2,CXCR4,976
PDGFRB,CXCR4,512
PDGFRB,CXCR4,512
MAPK3,CXCR4,605
MAPK3,CXCR4,605
IL1B,CXCR4,661
IL1B,CXCR4,661
EPCAM,CXCR4,569
EPCAM,CXCR4,569
IL7,CXCR4,556
IL7,CXCR4,556
WNT5A,CXCR4,541
WNT5A,CXCR4,541
STAT3,CXCR4,970
STAT3,CXCR4,970
ICAM1,CXCR4,672
ICAM1,CXCR4,672
ZAP70,CXCR4,584
ZAP70,CXCR4,584
PXN,CXCR4,928
PXN,CXCR4,928
TP53,CXCR4,606
TP53,CXCR4,606
ANXA5,CXCR4,548
ANXA5,CXCR4,548
IL15,CXCR4,511
IL15,CXCR4,511
CSF2,CXCR4,606
CSF2,CXCR4,606
SHH,CXCR4,799
SHH,CXCR4,799
CXCL8,CXCR4,913
CXCL8,CXCR4,913
CD34,CXCR4,816
CD34,CXCR4,816
CSF1,CXCR4,649
CSF1,CXCR4,649
SOCS1,CXCR4,693
SOCS1,CXCR4,693
SOCS3,CXCR4,631
SOCS3,CXCR4,631
CAV1,CXCR4,551
CAV1,CXCR4,551
PTK2,CXCR4,957
PTK2,CXCR4,957
CTNNB1,CXCR4,608
CTNNB1,CXCR4,608
FN1,CXCR4,760
FN1,CXCR4,760
FAS,CXCR4,514
FAS,CXCR4,514
PIK3CG,CXCR4,962
PIK3CG,CXCR4,962
STAT1,CXCR4,963
STAT1,CXCR4,963
CD247,CXCR4,561
CD247,CXCR4,561
PTGS2,CXCR4,512
PTGS2,CXCR4,512
NES,CXCR4,604
NES,CXCR4,604
MMP9,CXCR4,723
MMP9,CXCR4,723
SRC,CXCR4,569
SRC,CXCR4,569
TLR4,CXCR4,774
TLR4,CXCR4,774
CD274,CXCR4,575
CD274,CXCR4,575
JAK2,CXCR4,990
JAK2,CXCR4,990
SPP1,CXCR4,715
SPP1,CXCR4,715
ITGB2,CXCR4,547
ITGB2,CXCR4,547
IL6,CXCR4,698
IL6,CXCR4,698
CD8A,CXCR4,725
CD8A,CXCR4,725
CCND1,CREB1,959
CCND1,CREB1,959
NR3C1,CREB1,907
NR3C1,CREB1,907
SOX9,CREB1,660
SOX9,CREB1,660
MAPK3,CREB1,975
MAPK3,CREB1,975
IL1B,CREB1,650
IL1B,CREB1,650
AKT3,CREB1,937
AKT3,CREB1,937
STAT3,CREB1,930
STAT3,CREB1,930
TP53,CREB1,994
TP53,CREB1,994
PPARG,CREB1,719
PPARG,CREB1,719
IRS1,CREB1,517
IRS1,CREB1,517
CXCL8,CREB1,508
CXCL8,CREB1,508
SMAD3,CREB1,519
SMAD3,CREB1,519
PTK2,CREB1,539
PTK2,CREB1,539
CTNNB1,CREB1,919
CTNNB1,CREB1,919
STAT1,CREB1,602
STAT1,CREB1,602
PTGS2,CREB1,613
PTGS2,CREB1,613
SRC,CREB1,648
SRC,CREB1,648
TLR4,CREB1,580
TLR4,CREB1,580
GATA3,CREB1,710
GATA3,CREB1,710
FOXO1,CREB1,894
FOXO1,CREB1,894
DNM2,CREB1,675
DNM2,CREB1,675
CDKN1A,CREB1,938
CDKN1A,CREB1,938
IL6,CREB1,965
IL6,CREB1,965
PIK3R2,FGFR1,885
PIK3R2,FGFR1,885
CCND1,FGFR1,644
CCND1,FGFR1,644
EREG,FGFR1,654
EREG,FGFR1,654
BMP4,FGFR1,587
BMP4,FGFR1,587
MAPK3,FGFR1,934
MAPK3,FGFR1,934
STAT3,FGFR1,754
STAT3,FGFR1,754
TP53,FGFR1,653
TP53,FGFR1,653
RPS27A,FGFR1,651
RPS27A,FGFR1,651
FGFR4,FGFR1,521
FGFR4,FGFR1,521
SHH,FGFR1,603
SHH,FGFR1,603
IRS1,FGFR1,695
IRS1,FGFR1,695
CSF1,FGFR1,700
CSF1,FGFR1,700
CAV1,FGFR1,761
CAV1,FGFR1,761
FGFR3,FGFR1,518
FGFR3,FGFR1,518
CTNNB1,FGFR1,990
CTNNB1,FGFR1,990
FN1,FGFR1,859
FN1,FGFR1,859
GAB2,FGFR1,598
GAB2,FGFR1,598
NRAS,FGFR1,964
NRAS,FGFR1,964
SRC,FGFR1,544
SRC,FGFR1,544
PIK3CD,FGFR1,829
PIK3CD,FGFR1,829
BMP2,FGFR1,506
BMP2,FGFR1,506
AREG,FGFR1,691
AREG,FGFR1,691
CTNND1,FGFR1,924
CTNND1,FGFR1,924
NGFR,CD44,603
NGFR,CD44,603
TIMP1,CD44,958
TIMP1,CD44,958
TGFB1,CD44,812
TGFB1,CD44,812
CSF3,CD44,503
CSF3,CD44,503
CCL2,CD44,591
CCL2,CD44,591
CCND1,CD44,675
CCND1,CD44,675
IFNG,CD44,760
IFNG,CD44,760
HBEGF,CD44,948
HBEGF,CD44,948
SNAI1,CD44,711
SNAI1,CD44,711
BMP4,CD44,503
BMP4,CD44,503
SOX9,CD44,643
SOX9,CD44,643
POU5F1,CD44,861
POU5F1,CD44,861
TLR2,CD44,974
TLR2,CD44,974
PDGFRB,CD44,706
PDGFRB,CD44,706
MAPK3,CD44,718
MAPK3,CD44,718
IL1B,CD44,664
IL1B,CD44,664
EPCAM,CD44,897
EPCAM,CD44,897
IL7,CD44,663
IL7,CD44,663
STAT3,CD44,989
STAT3,CD44,989
ICAM1,CD44,909
ICAM1,CD44,909
ZAP70,CD44,675
ZAP70,CD44,675
PXN,CD44,784
PXN,CD44,784
TP53,CD44,800
TP53,CD44,800
FGFR4,CD44,506
FGFR4,CD44,506
ANXA5,CD44,724
ANXA5,CD44,724
IL15,CD44,629
IL15,CD44,629
CSF2,CD44,614
CSF2,CD44,614
SHH,CD44,563
SHH,CD44,563
MMP3,CD44,619
MMP3,CD44,619
CXCL8,CD44,657
CXCL8,CD44,657
CD34,CD44,888
CD34,CD44,888
PGR,CD44,556
PGR,CD44,556
CSF1,CD44,506
CSF1,CD44,506
SNCA,CD44,504
SNCA,CD44,504
CAV1,CD44,634
CAV1,CD44,634
PTK2,CD44,575
PTK2,CD44,575
CTNNB1,CD44,769
CTNNB1,CD44,769
ANXA2,CD44,810
ANXA2,CD44,810
FN1,CD44,998
FN1,CD44,998
FAS,CD44,699
FAS,CD44,699
PTGS2,CD44,546
PTGS2,CD44,546
NES,CD44,715
NES,CD44,715
MKI67,CD44,592
MKI67,CD44,592
MMP9,CD44,996
MMP9,CD44,996
SRC,CD44,985
SRC,CD44,985
TLR4,CD44,989
TLR4,CD44,989
PRKCZ,CD44,509
PRKCZ,CD44,509
BMP2,CD44,514
BMP2,CD44,514
GATA3,CD44,604
GATA3,CD44,604
CD274,CD44,647
CD274,CD44,647
JAK2,CD44,572
JAK2,CD44,572
SPP1,CD44,999
SPP1,CD44,999
SNAI2,CD44,694
SNAI2,CD44,694
ITGB2,CD44,562
ITGB2,CD44,562
IL6,CD44,748
IL6,CD44,748
CD8A,CD44,869
CD8A,CD44,869
CXCR4,CD44,928
CXCR4,CD44,928
FGFR1,CD44,898
FGFR1,CD44,898
TNFRSF1A,TNF,999
TNFRSF1A,TNF,999
TIMP1,TNF,739
TIMP1,TNF,739
TGFB1,TNF,796
TGFB1,TNF,796
SERPINE1,TNF,762
SERPINE1,TNF,762
CSF3,TNF,985
CSF3,TNF,985
CCL2,TNF,992
CCL2,TNF,992
CCND1,TNF,651
CCND1,TNF,651
IFNG,TNF,938
IFNG,TNF,938
HBEGF,TNF,567
HBEGF,TNF,567
NR3C1,TNF,960
NR3C1,TNF,960
PLEK,TNF,504
PLEK,TNF,504
SNAI1,TNF,638
SNAI1,TNF,638
TLR2,TNF,921
TLR2,TNF,921
MAPK3,TNF,765
MAPK3,TNF,765
IL1B,TNF,983
IL1B,TNF,983
IL7,TNF,800
IL7,TNF,800
STAT3,TNF,941
STAT3,TNF,941
ICAM1,TNF,888
ICAM1,TNF,888
ZAP70,TNF,548
ZAP70,TNF,548
TP53,TNF,784
TP53,TNF,784
RPS27A,TNF,914
RPS27A,TNF,914
PPARG,TNF,979
PPARG,TNF,979
ANXA5,TNF,759
ANXA5,TNF,759
IL15,TNF,839
IL15,TNF,839
CSF2,TNF,990
CSF2,TNF,990
MMP3,TNF,767
MMP3,TNF,767
STAT6,TNF,699
STAT6,TNF,699
HSPA4,TNF,673
HSPA4,TNF,673
IRS1,TNF,691
IRS1,TNF,691
CXCL8,TNF,992
CXCL8,TNF,992
CD34,TNF,702
CD34,TNF,702
HSPA5,TNF,621
HSPA5,TNF,621
CSF1,TNF,840
CSF1,TNF,840
SOCS1,TNF,686
SOCS1,TNF,686
CASP9,TNF,721
CASP9,TNF,721
SOCS3,TNF,719
SOCS3,TNF,719
SMAD3,TNF,610
SMAD3,TNF,610
SNCA,TNF,527
SNCA,TNF,527
CAV1,TNF,962
CAV1,TNF,962
CTNNB1,TNF,697
CTNNB1,TNF,697
FN1,TNF,930
FN1,TNF,930
FAS,TNF,825
FAS,TNF,825
CASP8,TNF,989
CASP8,TNF,989
STAT1,TNF,979
STAT1,TNF,979
CD247,TNF,536
CD247,TNF,536
PTGS2,TNF,863
PTGS2,TNF,863
MKI67,TNF,542
MKI67,TNF,542
MCL1,TNF,590
MCL1,TNF,590
MMP9,TNF,890
MMP9,TNF,890
SRC,TNF,696
SRC,TNF,696
TLR4,TNF,929
TLR4,TNF,929
PRKCZ,TNF,948
PRKCZ,TNF,948
BMP2,TNF,609
BMP2,TNF,609
GATA3,TNF,648
GATA3,TNF,648
FOXO1,TNF,576
FOXO1,TNF,576
CD274,TNF,759
CD274,TNF,759
JAK2,TNF,680
JAK2,TNF,680
SPP1,TNF,680
SPP1,TNF,680
AREG,TNF,503
AREG,TNF,503
ITGB2,TNF,648
ITGB2,TNF,648
CDKN1A,TNF,562
CDKN1A,TNF,562
IL6,TNF,994
IL6,TNF,994
CD8A,TNF,888
CD8A,TNF,888
CXCR4,TNF,760
CXCR4,TNF,760
CREB1,TNF,666
CREB1,TNF,666
CD44,TNF,740
CD44,TNF,740
MAPK3,ARRB2,995
MAPK3,ARRB2,995
WNT5A,ARRB2,941
WNT5A,ARRB2,941
RPS27A,ARRB2,621
RPS27A,ARRB2,621
CXCL8,ARRB2,923
CXCL8,ARRB2,923
PPP2R1A,ARRB2,923
PPP2R1A,ARRB2,923
FN1,ARRB2,709
FN1,ARRB2,709
STAT1,ARRB2,568
STAT1,ARRB2,568
NRAS,ARRB2,614
NRAS,ARRB2,614
SRC,ARRB2,998
SRC,ARRB2,998
TLR4,ARRB2,509
TLR4,ARRB2,509
DNM2,ARRB2,572
DNM2,ARRB2,572
CXCR4,ARRB2,998
CXCR4,ARRB2,998
NR3C1,ARRB1,586
NR3C1,ARRB1,586
MAPK3,ARRB1,979
MAPK3,ARRB1,979
WNT5A,ARRB1,702
WNT5A,ARRB1,702
TP53,ARRB1,627
TP53,ARRB1,627
RPS27A,ARRB1,612
RPS27A,ARRB1,612
CXCL8,ARRB1,916
CXCL8,ARRB1,916
PPP2R1A,ARRB1,907
PPP2R1A,ARRB1,907
CTNNB1,ARRB1,713
CTNNB1,ARRB1,713
FN1,ARRB1,592
FN1,ARRB1,592
NRAS,ARRB1,632
NRAS,ARRB1,632
SRC,ARRB1,999
SRC,ARRB1,999
DNM2,ARRB1,769
DNM2,ARRB1,769
CXCR4,ARRB1,986
CXCR4,ARRB1,986
CREB1,ARRB1,721
CREB1,ARRB1,721
ARRB2,ARRB1,968
ARRB2,ARRB1,968
TNFRSF1A,PTPRC,528
TNFRSF1A,PTPRC,528
NGFR,PTPRC,611
NGFR,PTPRC,611
TGFB1,PTPRC,583
TGFB1,PTPRC,583
CSF3,PTPRC,684
CSF3,PTPRC,684
CCL2,PTPRC,724
CCL2,PTPRC,724
IFNG,PTPRC,777
IFNG,PTPRC,777
HBEGF,PTPRC,529
HBEGF,PTPRC,529
PLEK,PTPRC,798
PLEK,PTPRC,798
BMP4,PTPRC,506
BMP4,PTPRC,506
SOX9,PTPRC,554
SOX9,PTPRC,554
RAC2,PTPRC,660
RAC2,PTPRC,660
POU5F1,PTPRC,651
POU5F1,PTPRC,651
TLR2,PTPRC,732
TLR2,PTPRC,732
PDGFRB,PTPRC,676
PDGFRB,PTPRC,676
MAPK3,PTPRC,645
MAPK3,PTPRC,645
IL1B,PTPRC,759
IL1B,PTPRC,759
EPCAM,PTPRC,835
EPCAM,PTPRC,835
IL7,PTPRC,727
IL7,PTPRC,727
STAT3,PTPRC,774
STAT3,PTPRC,774
ICAM1,PTPRC,720
ICAM1,PTPRC,720
ZAP70,PTPRC,769
ZAP70,PTPRC,769
TP53,PTPRC,609
TP53,PTPRC,609
PPARG,PTPRC,550
PPARG,PTPRC,550
ANXA5,PTPRC,798
ANXA5,PTPRC,798
IL15,PTPRC,698
IL15,PTPRC,698
CSF2,PTPRC,748
CSF2,PTPRC,748
STAT6,PTPRC,523
STAT6,PTPRC,523
CXCL8,PTPRC,645
CXCL8,PTPRC,645
CD34,PTPRC,919
CD34,PTPRC,919
CSF1,PTPRC,664
CSF1,PTPRC,664
CTNNB1,PTPRC,776
CTNNB1,PTPRC,776
FN1,PTPRC,718
FN1,PTPRC,718
FAS,PTPRC,693
FAS,PTPRC,693
PIK3CG,PTPRC,539
PIK3CG,PTPRC,539
STAT1,PTPRC,582
STAT1,PTPRC,582
CD247,PTPRC,986
CD247,PTPRC,986
PTGS2,PTPRC,501
PTGS2,PTPRC,501
NES,PTPRC,629
NES,PTPRC,629
MKI67,PTPRC,681
MKI67,PTPRC,681
MMP9,PTPRC,594
MMP9,PTPRC,594
SRC,PTPRC,718
SRC,PTPRC,718
TLR4,PTPRC,761
TLR4,PTPRC,761
GATA3,PTPRC,638
GATA3,PTPRC,638
CD274,PTPRC,743
CD274,PTPRC,743
JAK2,PTPRC,641
JAK2,PTPRC,641
SPP1,PTPRC,596
SPP1,PTPRC,596
ITGB2,PTPRC,894
ITGB2,PTPRC,894
IL6,PTPRC,809
IL6,PTPRC,809
CD8A,PTPRC,947
CD8A,PTPRC,947
CXCR4,PTPRC,996
CXCR4,PTPRC,996
CD44,PTPRC,926
CD44,PTPRC,926
TNF,PTPRC,861
TNF,PTPRC,861
TNFRSF1A,IL10,965
TNFRSF1A,IL10,965
TIMP1,IL10,964
TIMP1,IL10,964
TGFB1,IL10,977
TGFB1,IL10,977
SERPINE1,IL10,600
SERPINE1,IL10,600
CSF3,IL10,984
CSF3,IL10,984
CCL2,IL10,989
CCL2,IL10,989
IFNG,IL10,951
IFNG,IL10,951
NR3C1,IL10,595
NR3C1,IL10,595
TLR2,IL10,893
TLR2,IL10,893
PDGFRB,IL10,708
PDGFRB,IL10,708
MAPK3,IL10,614
MAPK3,IL10,614
IL1B,IL10,995
IL1B,IL10,995
IL7,IL10,835
IL7,IL10,835
STAT3,IL10,984
STAT3,IL10,984
ICAM1,IL10,976
ICAM1,IL10,976
TP53,IL10,580
TP53,IL10,580
PPARG,IL10,688
PPARG,IL10,688
ANXA5,IL10,637
ANXA5,IL10,637
IL15,IL10,859
IL15,IL10,859
CSF2,IL10,988
CSF2,IL10,988
MMP3,IL10,959
MMP3,IL10,959
STAT6,IL10,759
STAT6,IL10,759
HSPA4,IL10,571
HSPA4,IL10,571
CXCL8,IL10,994
CXCL8,IL10,994
CD34,IL10,634
CD34,IL10,634
CSF1,IL10,977
CSF1,IL10,977
SOCS1,IL10,670
SOCS1,IL10,670
SOCS3,IL10,738
SOCS3,IL10,738
SMAD3,IL10,504
SMAD3,IL10,504
CTNNB1,IL10,528
CTNNB1,IL10,528
FN1,IL10,700
FN1,IL10,700
FAS,IL10,606
FAS,IL10,606
CASP8,IL10,540
CASP8,IL10,540
STAT1,IL10,800
STAT1,IL10,800
CD247,IL10,522
CD247,IL10,522
PTGS2,IL10,757
PTGS2,IL10,757
MMP9,IL10,974
MMP9,IL10,974
SRC,IL10,531
SRC,IL10,531
TLR4,IL10,898
TLR4,IL10,898
GATA3,IL10,740
GATA3,IL10,740
CD274,IL10,829
CD274,IL10,829
JAK2,IL10,706
JAK2,IL10,706
SPP1,IL10,562
SPP1,IL10,562
IL6,IL10,972
IL6,IL10,972
CD8A,IL10,915
CD8A,IL10,915
CXCR4,IL10,666
CXCR4,IL10,666
CREB1,IL10,954
CREB1,IL10,954
CD44,IL10,706
CD44,IL10,706
TNF,IL10,996
TNF,IL10,996
PTPRC,IL10,800
PTPRC,IL10,800
RAC2,NCK1,513
RAC2,NCK1,513
PDGFRB,NCK1,991
PDGFRB,NCK1,991
ZAP70,NCK1,743
ZAP70,NCK1,743
PXN,NCK1,989
PXN,NCK1,989
IRS1,NCK1,819
IRS1,NCK1,819
PPP2R1A,NCK1,737
PPP2R1A,NCK1,737
SOCS1,NCK1,511
SOCS1,NCK1,511
PTK2,NCK1,990
PTK2,NCK1,990
FN1,NCK1,533
FN1,NCK1,533
EPHA2,NCK1,929
EPHA2,NCK1,929
CD247,NCK1,656
CD247,NCK1,656
SRC,NCK1,947
SRC,NCK1,947
CTTN,NCK1,982
CTTN,NCK1,982
DNM2,NCK1,517
DNM2,NCK1,517
CCNB1,PPP2CA,788
CCNB1,PPP2CA,788
MAPK3,PPP2CA,951
MAPK3,PPP2CA,951
AKT3,PPP2CA,944
AKT3,PPP2CA,944
RB1,PPP2CA,916
RB1,PPP2CA,916
PXN,PPP2CA,620
PXN,PPP2CA,620
TP53,PPP2CA,871
TP53,PPP2CA,871
RPS27A,PPP2CA,641
RPS27A,PPP2CA,641
CCNA2,PPP2CA,737
CCNA2,PPP2CA,737
CXCL8,PPP2CA,905
CXCL8,PPP2CA,905
PPP2R1A,PPP2CA,999
PPP2R1A,PPP2CA,999
CAV1,PPP2CA,537
CAV1,PPP2CA,537
MAPT,PPP2CA,984
MAPT,PPP2CA,984
CTNNB1,PPP2CA,819
CTNNB1,PPP2CA,819
NRAS,PPP2CA,931
NRAS,PPP2CA,931
SRC,PPP2CA,939
SRC,PPP2CA,939
PRKCZ,PPP2CA,743
PRKCZ,PPP2CA,743
ARRB2,PPP2CA,920
ARRB2,PPP2CA,920
ARRB1,PPP2CA,917
ARRB1,PPP2CA,917
NCK1,PPP2CA,757
NCK1,PPP2CA,757
CCND1,CDKN2A,997
CCND1,CDKN2A,997
CCNB1,CDKN2A,631
CCNB1,CDKN2A,631
PDGFRB,CDKN2A,521
PDGFRB,CDKN2A,521
MAPK3,CDKN2A,678
MAPK3,CDKN2A,678
STAT3,CDKN2A,575
STAT3,CDKN2A,575
RB1,CDKN2A,975
RB1,CDKN2A,975
PXN,CDKN2A,705
PXN,CDKN2A,705
TP53,CDKN2A,999
TP53,CDKN2A,999
RPS27A,CDKN2A,951
RPS27A,CDKN2A,951
CCNA2,CDKN2A,751
CCNA2,CDKN2A,751
PPARG,CDKN2A,518
PPARG,CDKN2A,518
ANXA5,CDKN2A,543
ANXA5,CDKN2A,543
CSF2,CDKN2A,507
CSF2,CDKN2A,507
NPM1,CDKN2A,998
NPM1,CDKN2A,998
HSPA4,CDKN2A,564
HSPA4,CDKN2A,564
CXCL8,CDKN2A,505
CXCL8,CDKN2A,505
CD34,CDKN2A,517
CD34,CDKN2A,517
EZH2,CDKN2A,723
EZH2,CDKN2A,723
PGR,CDKN2A,567
PGR,CDKN2A,567
CSF1,CDKN2A,664
CSF1,CDKN2A,664
SOCS1,CDKN2A,594
SOCS1,CDKN2A,594
SMAD3,CDKN2A,938
SMAD3,CDKN2A,938
FGFR3,CDKN2A,667
FGFR3,CDKN2A,667
CTNNB1,CDKN2A,893
CTNNB1,CDKN2A,893
FN1,CDKN2A,511
FN1,CDKN2A,511
CASP8,CDKN2A,578
CASP8,CDKN2A,578
PTGS2,CDKN2A,505
PTGS2,CDKN2A,505
MCL1,CDKN2A,526
MCL1,CDKN2A,526
NRAS,CDKN2A,937
NRAS,CDKN2A,937
MMP9,CDKN2A,505
MMP9,CDKN2A,505
SRC,CDKN2A,592
SRC,CDKN2A,592
CD274,CDKN2A,560
CD274,CDKN2A,560
JAK2,CDKN2A,592
JAK2,CDKN2A,592
CDKN1A,CDKN2A,942
CDKN1A,CDKN2A,942
IL6,CDKN2A,602
IL6,CDKN2A,602
CD8A,CDKN2A,518
CD8A,CDKN2A,518
FGFR1,CDKN2A,600
FGFR1,CDKN2A,600
CD44,CDKN2A,571
CD44,CDKN2A,571
TNF,CDKN2A,559
TNF,CDKN2A,559
CCND1,BRCA1,985
CCND1,BRCA1,985
NR3C1,BRCA1,666
NR3C1,BRCA1,666
CCNB1,BRCA1,910
CCNB1,BRCA1,910
MAPK3,BRCA1,537
MAPK3,BRCA1,537
EPCAM,BRCA1,538
EPCAM,BRCA1,538
AKT3,BRCA1,868
AKT3,BRCA1,868
STAT3,BRCA1,584
STAT3,BRCA1,584
RB1,BRCA1,913
RB1,BRCA1,913
TP53,BRCA1,999
TP53,BRCA1,999
RPS27A,BRCA1,942
RPS27A,BRCA1,942
CCNA2,BRCA1,843
CCNA2,BRCA1,843
PPARG,BRCA1,520
PPARG,BRCA1,520
ANXA5,BRCA1,510
ANXA5,BRCA1,510
NPM1,BRCA1,627
NPM1,BRCA1,627
EZH2,BRCA1,952
EZH2,BRCA1,952
PGR,BRCA1,897
PGR,BRCA1,897
CASP9,BRCA1,507
CASP9,BRCA1,507
SMAD3,BRCA1,710
SMAD3,BRCA1,710
CTNNB1,BRCA1,696
CTNNB1,BRCA1,696
STAT1,BRCA1,906
STAT1,BRCA1,906
MKI67,BRCA1,665
MKI67,BRCA1,665
GATA3,BRCA1,952
GATA3,BRCA1,952
CD274,BRCA1,508
CD274,BRCA1,508
JAK2,BRCA1,544
JAK2,BRCA1,544
CDKN1A,BRCA1,709
CDKN1A,BRCA1,709
CREB1,BRCA1,645
CREB1,BRCA1,645
CD44,BRCA1,502
CD44,BRCA1,502
CDKN2A,BRCA1,785
CDKN2A,BRCA1,785
NGFR,ANGPT1,683
NGFR,ANGPT1,683
PIK3R2,ANGPT1,692
PIK3R2,ANGPT1,692
CSF3,ANGPT1,521
CSF3,ANGPT1,521
CCL2,ANGPT1,519
CCL2,ANGPT1,519
PDGFRB,ANGPT1,839
PDGFRB,ANGPT1,839
IL1B,ANGPT1,504
IL1B,ANGPT1,504
ICAM1,ANGPT1,527
ICAM1,ANGPT1,527
FGFR4,ANGPT1,669
FGFR4,ANGPT1,669
CXCL8,ANGPT1,594
CXCL8,ANGPT1,594
CD34,ANGPT1,617
CD34,ANGPT1,617
FGFR3,ANGPT1,688
FGFR3,ANGPT1,688
FN1,ANGPT1,966
FN1,ANGPT1,966
EPHA2,ANGPT1,663
EPHA2,ANGPT1,663
NRAS,ANGPT1,906
NRAS,ANGPT1,906
MMP9,ANGPT1,595
MMP9,ANGPT1,595
SPP1,ANGPT1,529
SPP1,ANGPT1,529
IL6,ANGPT1,563
IL6,ANGPT1,563
CXCR4,ANGPT1,568
CXCR4,ANGPT1,568
FGFR1,ANGPT1,733
FGFR1,ANGPT1,733
TNF,ANGPT1,601
TNF,ANGPT1,601
NCK1,ANGPT1,915
NCK1,ANGPT1,915
PIK3R2,LYN,869
PIK3R2,LYN,869
CCND1,LYN,925
CCND1,LYN,925
PLEK,LYN,647
PLEK,LYN,647
RAC2,LYN,544
RAC2,LYN,544
TLR2,LYN,825
TLR2,LYN,825
PDGFRB,LYN,921
PDGFRB,LYN,921
MAPK3,LYN,969
MAPK3,LYN,969
IL1B,LYN,582
IL1B,LYN,582
AKT3,LYN,721
AKT3,LYN,721
STAT3,LYN,982
STAT3,LYN,982
ZAP70,LYN,919
ZAP70,LYN,919
PXN,LYN,984
PXN,LYN,984
TP53,LYN,702
TP53,LYN,702
CSF2,LYN,951
CSF2,LYN,951
CXCL8,LYN,937
CXCL8,LYN,937
PPP2R1A,LYN,902
PPP2R1A,LYN,902
SNCA,LYN,925
SNCA,LYN,925
PTK2,LYN,974
PTK2,LYN,974
FN1,LYN,553
FN1,LYN,553
EPHA2,LYN,910
EPHA2,LYN,910
PIK3CG,LYN,882
PIK3CG,LYN,882
STAT1,LYN,945
STAT1,LYN,945
CD247,LYN,929
CD247,LYN,929
GAB2,LYN,990
GAB2,LYN,990
MCL1,LYN,559
MCL1,LYN,559
NRAS,LYN,958
NRAS,LYN,958
SRC,LYN,949
SRC,LYN,949
TLR4,LYN,818
TLR4,LYN,818
PIK3CD,LYN,899
PIK3CD,LYN,899
JAK2,LYN,880
JAK2,LYN,880
PTK2B,LYN,943
PTK2B,LYN,943
ITGB2,LYN,738
ITGB2,LYN,738
CDKN1A,LYN,914
CDKN1A,LYN,914
CXCR4,LYN,847
CXCR4,LYN,847
CD44,LYN,722
CD44,LYN,722
TNF,LYN,639
TNF,LYN,639
ARRB2,LYN,914
ARRB2,LYN,914
ARRB1,LYN,941
ARRB1,LYN,941
PTPRC,LYN,991
PTPRC,LYN,991
NCK1,LYN,656
NCK1,LYN,656
PPP2CA,LYN,920
PPP2CA,LYN,920
TNFRSF1A,TRAF6,993
TNFRSF1A,TRAF6,993
NGFR,TRAF6,999
NGFR,TRAF6,999
PIK3R2,TRAF6,670
PIK3R2,TRAF6,670
CCL2,TRAF6,518
CCL2,TRAF6,518
IFNG,TRAF6,516
IFNG,TRAF6,516
TLR2,TRAF6,984
TLR2,TRAF6,984
MAPK3,TRAF6,556
MAPK3,TRAF6,556
IL1B,TRAF6,982
IL1B,TRAF6,982
STAT3,TRAF6,669
STAT3,TRAF6,669
TP53,TRAF6,974
TP53,TRAF6,974
RPS27A,TRAF6,974
RPS27A,TRAF6,974
FGFR4,TRAF6,615
FGFR4,TRAF6,615
HSPA4,TRAF6,954
HSPA4,TRAF6,954
CXCL8,TRAF6,624
CXCL8,TRAF6,624
SOCS1,TRAF6,772
SOCS1,TRAF6,772
SOCS3,TRAF6,808
SOCS3,TRAF6,808
SMAD3,TRAF6,935
SMAD3,TRAF6,935
CAV1,TRAF6,745
CAV1,TRAF6,745
FGFR3,TRAF6,617
FGFR3,TRAF6,617
CTNNB1,TRAF6,593
CTNNB1,TRAF6,593
CASP8,TRAF6,995
CASP8,TRAF6,995
PIK3CG,TRAF6,916
PIK3CG,TRAF6,916
STAT1,TRAF6,760
STAT1,TRAF6,760
GAB2,TRAF6,878
GAB2,TRAF6,878
MCL1,TRAF6,744
MCL1,TRAF6,744
SRC,TRAF6,996
SRC,TRAF6,996
TLR4,TRAF6,999
TLR4,TRAF6,999
PRKCZ,TRAF6,985
PRKCZ,TRAF6,985
IL6,TRAF6,730
IL6,TRAF6,730
CD8A,TRAF6,517
CD8A,TRAF6,517
TNF,TRAF6,990
TNF,TRAF6,990
ARRB2,TRAF6,994
ARRB2,TRAF6,994
ARRB1,TRAF6,655
ARRB1,TRAF6,655
IL10,TRAF6,623
IL10,TRAF6,623
TIMP1,HIF1A,523
TIMP1,HIF1A,523
TGFB1,HIF1A,654
TGFB1,HIF1A,654
SERPINE1,HIF1A,616
SERPINE1,HIF1A,616
CCL2,HIF1A,626
CCL2,HIF1A,626
CCND1,HIF1A,967
CCND1,HIF1A,967
IFNG,HIF1A,524
IFNG,HIF1A,524
HBEGF,HIF1A,934
HBEGF,HIF1A,934
NR3C1,HIF1A,883
NR3C1,HIF1A,883
SNAI1,HIF1A,727
SNAI1,HIF1A,727
SOX9,HIF1A,743
SOX9,HIF1A,743
POU5F1,HIF1A,805
POU5F1,HIF1A,805
PDGFRB,HIF1A,518
PDGFRB,HIF1A,518
MAPK3,HIF1A,953
MAPK3,HIF1A,953
IL1B,HIF1A,724
IL1B,HIF1A,724
AKT3,HIF1A,580
AKT3,HIF1A,580
STAT3,HIF1A,999
STAT3,HIF1A,999
ICAM1,HIF1A,654
ICAM1,HIF1A,654
RB1,HIF1A,581
RB1,HIF1A,581
TP53,HIF1A,999
TP53,HIF1A,999
RPS27A,HIF1A,640
RPS27A,HIF1A,640
PPARG,HIF1A,760
PPARG,HIF1A,760
ANXA5,HIF1A,612
ANXA5,HIF1A,612
HSPA4,HIF1A,997
HSPA4,HIF1A,997
CXCL8,HIF1A,690
CXCL8,HIF1A,690
CD34,HIF1A,613
CD34,HIF1A,613
EZH2,HIF1A,521
EZH2,HIF1A,521
HSPA5,HIF1A,541
HSPA5,HIF1A,541
PGR,HIF1A,524
PGR,HIF1A,524
CASP9,HIF1A,523
CASP9,HIF1A,523
SMAD3,HIF1A,999
SMAD3,HIF1A,999
CAV1,HIF1A,514
CAV1,HIF1A,514
PTK2,HIF1A,569
PTK2,HIF1A,569
CTNNB1,HIF1A,997
CTNNB1,HIF1A,997
FN1,HIF1A,779
FN1,HIF1A,779
CASP8,HIF1A,517
CASP8,HIF1A,517
STAT1,HIF1A,534
STAT1,HIF1A,534
PTGS2,HIF1A,693
PTGS2,HIF1A,693
NES,HIF1A,521
NES,HIF1A,521
MKI67,HIF1A,515
MKI67,HIF1A,515
MCL1,HIF1A,702
MCL1,HIF1A,702
MMP9,HIF1A,718
MMP9,HIF1A,718
SRC,HIF1A,896
SRC,HIF1A,896
TLR4,HIF1A,630
TLR4,HIF1A,630
BMP2,HIF1A,501
BMP2,HIF1A,501
FOXO1,HIF1A,956
FOXO1,HIF1A,956
CD274,HIF1A,571
CD274,HIF1A,571
JAK2,HIF1A,544
JAK2,HIF1A,544
SPP1,HIF1A,556
SPP1,HIF1A,556
SNAI2,HIF1A,658
SNAI2,HIF1A,658
CDKN1A,HIF1A,950
CDKN1A,HIF1A,950
IL6,HIF1A,724
IL6,HIF1A,724
CD8A,HIF1A,562
CD8A,HIF1A,562
CXCR4,HIF1A,780
CXCR4,HIF1A,780
CREB1,HIF1A,985
CREB1,HIF1A,985
CD44,HIF1A,612
CD44,HIF1A,612
TNF,HIF1A,707
TNF,HIF1A,707
PTPRC,HIF1A,513
PTPRC,HIF1A,513
IL10,HIF1A,604
IL10,HIF1A,604
CDKN2A,HIF1A,989
CDKN2A,HIF1A,989
BRCA1,HIF1A,728
BRCA1,HIF1A,728
ANGPT1,HIF1A,654
ANGPT1,HIF1A,654
TRAF6,HIF1A,721
TRAF6,HIF1A,721
NGFR,VEGFC,649
NGFR,VEGFC,649
CCL2,VEGFC,501
CCL2,VEGFC,501
PDGFRB,VEGFC,798
PDGFRB,VEGFC,798
IL1B,VEGFC,503
IL1B,VEGFC,503
FGFR4,VEGFC,688
FGFR4,VEGFC,688
CXCL8,VEGFC,579
CXCL8,VEGFC,579
CD34,VEGFC,516
CD34,VEGFC,516
CAV1,VEGFC,579
CAV1,VEGFC,579
FGFR3,VEGFC,713
FGFR3,VEGFC,713
FN1,VEGFC,612
FN1,VEGFC,612
EPHA2,VEGFC,706
EPHA2,VEGFC,706
PTGS2,VEGFC,528
PTGS2,VEGFC,528
MMP9,VEGFC,620
MMP9,VEGFC,620
SRC,VEGFC,564
SRC,VEGFC,564
IL6,VEGFC,593
IL6,VEGFC,593
CXCR4,VEGFC,578
CXCR4,VEGFC,578
FGFR1,VEGFC,760
FGFR1,VEGFC,760
TNF,VEGFC,530
TNF,VEGFC,530
ANGPT1,VEGFC,698
ANGPT1,VEGFC,698
HIF1A,VEGFC,634
HIF1A,VEGFC,634
CSF3,PRLR,612
CSF3,PRLR,612
IFNG,PRLR,633
IFNG,PRLR,633
HBEGF,PRLR,908
HBEGF,PRLR,908
IL7,PRLR,638
IL7,PRLR,638
STAT3,PRLR,810
STAT3,PRLR,810
IL15,PRLR,613
IL15,PRLR,613
CSF2,PRLR,627
CSF2,PRLR,627
IRS1,PRLR,843
IRS1,PRLR,843
PGR,PRLR,556
PGR,PRLR,556
STAT1,PRLR,799
STAT1,PRLR,799
SRC,PRLR,709
SRC,PRLR,709
JAK2,PRLR,999
JAK2,PRLR,999
IL6,PRLR,667
IL6,PRLR,667
IL10,PRLR,626
IL10,PRLR,626
