name,label,expression,degree.x,betweenness.x,closeness.x,eigenvector.x,degree.y,is_signature,betweenness.y,closeness.y,eigenvector.y,hub_score,authority_score,community,mean_expr_UroB,mean_expr_GU,mean_expr_UroA,mean_expr_BaSq,mean_expr_UroC,go_pval,go_padj,go_description,go_hub_score,go_rank,module,in_signature_module,random_walk_score
AKT3,AKT3,0.425665410337283,116,24.3196002190085,0.00183150183150183,0.263075759622097,116,FALSE,24.3196002190085,0.00183150183150183,0.263075759622096,0.263075759622097,0.263075759622096,3,-0.281909538987868,0.191145627685025,-0.574673660767738,0.240285842371141,0.425665410337283,1.88273199363966e-20,5.62936866098257e-18,Not annotated,0.263075759622097,87,4,FALSE,0.00256375792120466
ANGPT1,ANGPT1,0.226311297960211,134,29.4736429799456,0.00186219739292365,0.307987805078063,134,FALSE,29.4736429799456,0.00186219739292365,0.307987805078063,0.307987805078063,0.307987805078062,2,-0.276162814258895,-0.0120925602884658,-0.513201413378876,0.528137639885193,0.226311297960211,1.58073833621798e-20,4.72640762529175e-18,Not annotated,0.307987805078063,86,2,TRUE,0.00448224906110998
ANXA2,ANXA2,-0.518560262552585,76,10.8847323228226,0.00176678445229682,0.187483308201537,76,FALSE,10.8847323228226,0.00176678445229682,0.187483308201537,0.187483308201537,0.187483308201537,4,0.103722811792932,-0.282855198272609,-0.113443126691709,1.40973932903399,-0.518560262552585,1.66544102634868e-36,4.97966866878255e-34,Not annotated,0.187483308201537,27,5,FALSE,0.0010927279159739
ANXA5,ANXA5,-0.021537613842872,220,108.858058621306,0.00202429149797571,0.489636930816465,220,FALSE,108.858058621306,0.00202429149797571,0.489636930816466,0.489636930816466,0.489636930816465,1,0.0799863396696468,-0.220234202934947,-0.557612394677951,0.823196716318708,-0.021537613842872,1.78018867124109e-26,5.32276412701086e-24,Not annotated,0.489636930816466,65,4,FALSE,0.00282304939351404
AREG,AREG,-0.507737036911336,124,34.0670384723997,0.0018450184501845,0.278756063671113,124,FALSE,34.0670384723997,0.0018450184501845,0.278756063671113,0.278756063671114,0.278756063671113,2,-0.0878921727203617,0.245058796748284,-0.417823032095424,0.908789510826249,-0.507737036911336,1.37007706504573e-24,4.09653042448672e-22,urinary bladder cancer,0.278756063671114,74,2,TRUE,0.00451188484623791
ARRB1,ARRB1,0.506420833354666,102,33.4826106250879,0.00180831826401447,0.21053616965232,102,FALSE,33.4826106250879,0.00180831826401447,0.21053616965232,0.21053616965232,0.21053616965232,3,-0.437162404973013,0.7710537720746,-0.362112246219475,-0.468045517450286,0.506420833354666,6.66757084290056e-29,1.99360368202727e-26,Not annotated,0.21053616965232,48,3,TRUE,0.00123726621805389
ARRB2,ARRB2,-0.0492283260128542,106,39.5079046684967,0.00181488203266788,0.202122469747678,106,FALSE,39.5079046684967,0.00181488203266788,0.202122469747678,0.202122469747678,0.202122469747677,3,0.0168406402789404,0.442923677553975,-0.754321716742537,0.453527464857666,-0.0492283260128542,5.96468248261456e-45,1.78344006230175e-42,Not annotated,0.202122469747678,13,3,TRUE,0.00126255142627471
BMP2,BMP2,0.319529283201999,94,14.7265546094586,0.00179533213644524,0.212488292087937,94,FALSE,14.7265546094586,0.00179533213644524,0.212488292087937,0.212488292087937,0.212488292087937,4,-0.316999449262564,-0.438350282602445,0.581014357428114,-0.483372396559039,0.319529283201999,1.37290222510799e-27,4.10497765307288e-25,Not annotated,0.212488292087937,58,5,FALSE,0.00125489917252425
BMP4,BMP4,0.85294181259252,120,30.957504466139,0.00183823529411765,0.249527738426842,120,FALSE,30.957504466139,0.00183823529411765,0.249527738426841,0.249527738426841,0.249527738426841,4,-0.0150801648702108,0.102025107591292,-0.512424798030288,-0.0344710188700653,0.85294181259252,6.46874473425074e-17,1.93415467554097e-14,Not annotated,0.249527738426841,100,5,FALSE,0.00138174036064962
BRCA1,BRCA1,-0.225447504451578,156,49.0940340323397,0.00190114068441065,0.335578734470801,156,FALSE,49.0940340323397,0.00190114068441065,0.335578734470801,0.335578734470801,0.335578734470801,3,-0.379688888986125,0.872071810525029,-0.409609044022065,0.417734668446921,-0.225447504451578,6.40444973970805e-34,1.91493047217271e-31,urinary bladder cancer,0.335578734470801,35,4,FALSE,0.00266365051873552
CASP8,CASP8,-0.137789373535615,150,35.7940403699527,0.00189035916824197,0.348066257809591,150,FALSE,35.7940403699527,0.00189035916824197,0.348066257809591,0.348066257809591,0.348066257809591,3,0.435225369394378,-0.649951403104217,0.379136543090136,-0.255083555960751,-0.137789373535615,3.40928500155457e-22,1.01937621546482e-19,Not annotated,0.348066257809591,82,4,FALSE,0.00246616347830713
CASP9,CASP9,0.0352138111392846,124,18.855486834328,0.0018450184501845,0.298052704785899,124,FALSE,18.855486834328,0.0018450184501845,0.298052704785899,0.298052704785899,0.298052704785899,3,0.0342413509138135,0.337186337329925,0.272138060517716,-0.891658769471055,0.0352138111392846,8.05907432373464e-17,2.40966322279666e-14,urinary bladder cancer,0.298052704785899,102,4,FALSE,0.00239311546006457
CAV1,CAV1,0.472416022367582,210,130.153923624883,0.00200400801603206,0.452988068601958,210,FALSE,130.153923624883,0.00200400801603206,0.452988068601958,0.452988068601958,0.452988068601958,4,-0.408049341684502,-0.16156318448276,-0.478698665273285,1.0399832856752,0.472416022367582,3.86703594353998e-36,1.15624374711845e-33,urinary bladder cancer; bladder carcinoma,0.452988068601958,28,5,FALSE,0.00284965974224701
CCL2,CCL2,0.272847746067993,180,49.8519551196934,0.00194552529182879,0.401672415238595,180,FALSE,49.8519551196934,0.00194552529182879,0.401672415238594,0.401672415238595,0.401672415238594,1,0.234646536973496,0.117892147045794,-0.763108901018797,0.712572067984171,0.272847746067993,1.48509439404472e-50,4.44043223819372e-48,Not annotated,0.401672415238595,8,1,FALSE,0.00147282519703642
CCNA2,CCNA2,-0.439474649849291,108,14.0307422616285,0.00181818181818182,0.239799097824334,108,FALSE,14.0307422616285,0.00181818181818182,0.239799097824334,0.239799097824334,0.239799097824333,3,-0.210992556313551,0.7955907960597,-0.424192124149493,0.647470592611836,-0.439474649849291,3.89860062164356e-34,1.16568158587142e-31,Not annotated,0.239799097824334,33,4,FALSE,0.00237072101828717
CCNB1,CCNB1,-0.23954033740764,112,17.4767626173497,0.00182481751824818,0.243401459466407,112,FALSE,17.4767626173497,0.00182481751824818,0.243401459466407,0.243401459466407,0.243401459466407,3,-0.237555911416253,0.735177390665443,-0.388814076070599,0.774133490193565,-0.23954033740764,3.15858005931763e-32,9.44415437735972e-30,Not annotated,0.243401459466407,39,4,FALSE,0.00236439245431027
CCND1,CCND1,-0.259779364042628,306,267.81840945977,0.00221729490022173,0.62274937219583,306,FALSE,267.81840945977,0.00221729490022173,0.622749372195831,0.622749372195832,0.62274937219583,3,0.400644970477685,-0.894177995310131,0.547006718308395,-0.0892280625939684,-0.259779364042628,1.1543468322624e-41,3.45149702846458e-39,urinary bladder cancer; bladder carcinoma,0.622749372195832,17,4,FALSE,0.005413162614874
CD247,CD247,0.430027603759222,92,11.9638863807427,0.0017921146953405,0.203155454165144,92,FALSE,11.9638863807427,0.0017921146953405,0.203155454165144,0.203155454165144,0.203155454165144,1,0.170017532161596,0.0394924493105608,-0.648291945509773,0.372858969845951,0.430027603759222,2.32400140403568e-29,6.94876419806669e-27,Not annotated,0.203155454165144,46,1,FALSE,0.00225974509725843
CD274,CD274,-0.383924177997097,136,28.6805776935001,0.00186567164179104,0.316576490310092,136,FALSE,28.6805776935001,0.00186567164179104,0.316576490310092,0.316576490310092,0.316576490310092,1,0.158050239231618,0.157280288542028,-0.590068320147259,0.955570320846244,-0.383924177997097,3.57033257155719e-38,1.0675294388956e-35,Not annotated,0.316576490310092,21,1,FALSE,0.00242967848993905
CD34,CD34,0.65959455825712,206,92.1681939358698,0.00199600798403194,0.454035309222824,206,FALSE,92.1681939358698,0.00199600798403194,0.454035309222824,0.454035309222825,0.454035309222824,1,-0.0858011048906013,-0.0337547480552869,-0.432504831635397,-0.0833770719625725,0.65959455825712,6.6609422237158e-11,1.99162172489103e-08,Not annotated,0.454035309222825,117,1,FALSE,0.00278108479134844
CD44,CD44,-0.299430516590087,288,244.122787290934,0.00217391304347826,0.600845684751402,288,FALSE,244.122787290934,0.00217391304347826,0.600845684751402,0.600845684751404,0.600845684751403,4,0.227249824939191,-1.08004587050628,0.0236252837888723,1.04113584199263,-0.299430516590087,1.91926102743494e-50,5.73859047203047e-48,urinary bladder cancer,0.600845684751404,9,5,FALSE,0.00515065046821472
CD8A,CD8A,0.1912754036352,216,91.9061575612973,0.00201612903225806,0.478818148322215,216,FALSE,91.9061575612973,0.00201612903225806,0.478818148322214,0.478818148322215,0.478818148322214,1,0.0339198968637051,-0.0792009266821455,-0.533439753869168,0.552289284915979,0.1912754036352,1.38381920947438e-19,4.13761943632838e-17,Not annotated,0.478818148322215,90,1,FALSE,0.0027855609504461
CDKN1A,CDKN1A,-0.250948412267402,162,35.4776900626472,0.00191204588910134,0.36720889097506,162,FALSE,35.4776900626472,0.00191204588910134,0.36720889097506,0.36720889097506,0.36720889097506,3,0.0622134783566483,-0.614397471253039,0.440900690432234,0.00607267457731317,-0.250948412267402,7.7501387635392e-19,2.31729149029822e-16,urinary bladder cancer,0.36720889097506,95,4,FALSE,0.00261215626326912
CDKN2A,CDKN2A,-0.258599374995325,222,105.481111620029,0.00202839756592292,0.495813209357435,222,FALSE,105.481111620029,0.00202839756592292,0.495813209357434,0.495813209357435,0.495813209357434,3,-0.409949415388701,0.830575808757518,-0.318232324782598,-0.0302807301227239,-0.258599374995325,2.7539268544038e-25,8.23424129466737e-23,urinary bladder cancer; bladder carcinoma,0.495813209357435,71,4,FALSE,0.00494909852868859
CREB1,CREB1,-0.234656608631951,176,64.3403927525432,0.00193798449612403,0.407786408148844,176,FALSE,64.3403927525432,0.00193798449612403,0.407786408148844,0.407786408148844,0.407786408148843,3,0.221154755117831,-0.778932381031658,0.287236025734213,-0.163234209775072,-0.234656608631951,4.84224970169638e-19,1.44783266080722e-16,Not annotated,0.407786408148844,93,4,FALSE,0.00153617709028831
CSF1,CSF1,0.0764931312574488,152,45.984988686656,0.00189393939393939,0.341414727063615,152,FALSE,45.984988686656,0.00189393939393939,0.341414727063614,0.341414727063615,0.341414727063614,1,0.221298440557915,-0.280403590904638,-0.61698230258249,0.639623200672105,0.0764931312574488,3.90802465017527e-34,1.16849937040241e-31,bladder disease,0.341414727063615,34,1,FALSE,0.00444604383719857
CSF2,CSF2,-0.249964667927997,212,80.5404444929576,0.00200803212851406,0.476609456920208,212,FALSE,80.5404444929576,0.00200803212851406,0.476609456920207,0.476609456920208,0.476609456920207,1,0.168760190438373,0.0863993388298973,-0.410519856223323,0.755041607287187,-0.249964667927997,1.30539006348657e-20,3.90311628982484e-18,bladder disease,0.476609456920208,85,1,FALSE,0.00274415578819816
CSF3,CSF3,-0.372360207996942,144,25.0967724264301,0.0018796992481203,0.316318170201738,144,FALSE,25.0967724264301,0.0018796992481203,0.316318170201738,0.316318170201738,0.316318170201738,1,0.0941531265764767,-0.15785303942644,-0.398480650356869,0.8209799872314,-0.372360207996942,6.21556182491425e-28,1.85845298564936e-25,bladder disease,0.316318170201738,55,1,FALSE,0.00132855881913163
CTNNB1,CTNNB1,0.0318754499051705,446,831.194124143341,0.0026246719160105,0.83246445396468,446,FALSE,831.194124143341,0.0026246719160105,0.832464453964678,0.832464453964681,0.83246445396468,3,-0.140147634328461,-0.542104064757568,0.487580775008205,-0.37946736944354,0.0318754499051705,2.88488706739128e-24,8.62581233149994e-22,urinary bladder cancer,0.832464453964681,76,4,FALSE,0.0061663952724813
CTNND1,CTNND1,0.0533302613007993,88,17.7257254602291,0.00178571428571429,0.187073578978943,88,FALSE,17.7257254602291,0.00178571428571429,0.187073578978943,0.187073578978943,0.187073578978943,2,0.254724956501808,-0.477285156202424,0.590659063622116,-0.104446351203508,0.0533302613007993,6.13203098683674e-29,1.83347726506419e-26,Not annotated,0.187073578978943,47,3,TRUE,0.00230730658158802
CTTN,CTTN,-0.0319808427093733,96,21.4194832493548,0.00179856115107914,0.198398180330351,96,FALSE,21.4194832493548,0.00179856115107914,0.198398180330351,0.198398180330351,0.198398180330351,2,0.395010786277779,-0.498435201474541,0.55666262357635,-0.223467055724213,-0.0319808427093733,1.21542491174191e-26,3.63412048610832e-24,Not annotated,0.198398180330351,63,3,TRUE,0.00129255846435922
CXCL8,CXCL8,-0.555532024785957,248,150.561747582414,0.00208333333333333,0.531616520220521,248,FALSE,150.561747582414,0.00208333333333333,0.53161652022052,0.531616520220521,0.53161652022052,1,0.575665222751547,0.092725749716972,-0.554242221137224,1.00864278697797,-0.555532024785957,7.40558063888591e-43,2.21426861102689e-40,urinary bladder cancer; bladder carcinoma,0.531616520220521,16,1,FALSE,0.00287330972338396
CXCR4,CXCR4,0.231975097299844,234,144.070941453009,0.00205338809034908,0.5136832948607,234,FALSE,144.070941453009,0.00205338809034908,0.513683294860699,0.5136832948607,0.513683294860699,1,0.0694672564195905,0.0158956967399103,-0.683432957188029,0.449685175247837,0.231975097299844,6.11976861745561e-36,1.82981081661923e-33,urinary bladder cancer; bladder carcinoma,0.5136832948607,30,1,FALSE,0.002883694713507
DNM2,DNM2,0.0715976218247899,70,16.1071947985861,0.00175746924428822,0.139321725292537,70,FALSE,16.1071947985861,0.00175746924428822,0.139321725292537,0.139321725292537,0.139321725292537,2,0.073538898891238,-0.200102125772348,0.759706711677552,-0.972331041236642,0.0715976218247899,5.57945321077345e-57,1.66825651002126e-54,Not annotated,0.139321725292537,3,3,TRUE,0.00218836352807487
EPCAM,EPCAM,0.196274383751193,88,6.55771058841766,0.00178571428571429,0.222929729326285,88,FALSE,6.55771058841766,0.00178571428571429,0.222929729326285,0.222929729326285,0.222929729326284,4,-0.130243942748519,0.799505945025307,-0.0482154303091333,-0.338677835404734,0.196274383751193,1.6635480345222e-30,4.97400862322139e-28,Not annotated,0.222929729326285,44,5,FALSE,0.00421054835818972
EPHA2,EPHA2,-0.636974186070886,134,38.9204071615214,0.00186219739292365,0.287879034317896,134,FALSE,38.9204071615214,0.00186219739292365,0.287879034317897,0.287879034317897,0.287879034317896,2,0.549199435637814,-0.349661755517541,0.233996474053672,0.553504712771056,-0.636974186070886,6.85270303427706e-17,2.04895820724884e-14,urinary bladder cancer; bladder carcinoma,0.287879034317897,101,2,TRUE,0.0027474777737701
EREG,EREG,-0.420319377427017,108,16.4577745325733,0.00181818181818182,0.240430844295741,108,FALSE,16.4577745325733,0.00181818181818182,0.240430844295741,0.240430844295742,0.240430844295741,2,-0.184799238748175,0.308662005880851,-0.441860842805874,1.14171740694666,-0.420319377427017,1.03666836914763e-36,3.09963842375141e-34,Not annotated,0.240430844295742,26,2,TRUE,0.0044753392977925
EZH2,EZH2,-0.342518120470145,124,27.9437747131923,0.0018450184501845,0.269368112887162,124,FALSE,27.9437747131923,0.0018450184501845,0.269368112887162,0.269368112887163,0.269368112887162,3,-0.333103955182357,0.945874389949563,-0.506704839129866,0.451447749978977,-0.342518120470145,1.12514511509703e-52,3.36418389414012e-50,urinary bladder cancer; bladder carcinoma,0.269368112887163,6,4,FALSE,0.00242699575765241
FAS,FAS,-0.399657968789604,112,23.3918846569139,0.00182481751824818,0.252005867017086,112,FALSE,23.3918846569139,0.00182481751824818,0.252005867017086,0.252005867017087,0.252005867017086,1,0.0115039529708831,-0.393154539247131,-0.238385766131997,0.696407936693214,-0.399657968789604,1.56644455185144e-13,4.6836692100358e-11,urinary bladder cancer,0.252005867017087,110,1,FALSE,0.00120312395947098
FGFR1,FGFR1,0.727077125141016,194,89.264451816554,0.0019723865877712,0.402644690510608,194,FALSE,89.264451816554,0.0019723865877712,0.402644690510608,0.402644690510608,0.402644690510608,2,-0.287261722926173,-0.0611061790773776,-0.542115720437573,0.00647050893499152,0.727077125141016,1.35247811175017e-17,4.043909554133e-15,Not annotated,0.402644690510608,99,2,TRUE,0.00438814925023551
FGFR3,FGFR3,0.162745486928711,172,70.9022830851557,0.00193050193050193,0.359595765695521,172,FALSE,70.9022830851557,0.00193050193050193,0.359595765695521,0.359595765695521,0.359595765695521,2,0.448075157712112,-0.637285490195931,0.641993953326258,-0.328982652320248,0.162745486928711,6.34564224389833e-40,1.8973470309256e-37,urinary bladder cancer; bladder carcinoma,0.359595765695521,20,2,TRUE,0.00223229840474311
FGFR4,FGFR4,0.676757521294621,128,28.0635766047688,0.00185185185185185,0.271059553012798,128,FALSE,28.0635766047688,0.00185185185185185,0.271059553012798,0.271059553012798,0.271059553012798,2,-0.26947843036172,0.0350838070780866,-0.351237821703908,-0.11255829307625,0.676757521294621,7.61240951076002e-09,2.27611044371725e-06,Not annotated,0.271059553012798,120,2,TRUE,0.00198475738708896
FN1,FN1,0.259474594874806,348,432.007464524502,0.00232558139534884,0.688137907020087,348,FALSE,432.007464524502,0.00232558139534884,0.688137907020088,0.688137907020088,0.688137907020087,4,-0.405486812472549,0.126542413572905,-0.552996768003432,0.68117097634643,0.259474594874806,5.40710438122637e-27,1.61672420998669e-24,urinary bladder cancer,0.688137907020088,60,5,FALSE,0.00562136887093224
FOXO1,FOXO1,-0.284546183844877,152,56.8459453292017,0.00189393939393939,0.329326386420305,152,FALSE,56.8459453292017,0.00189393939393939,0.329326386420305,0.329326386420306,0.329326386420305,3,-0.200142213366578,-0.675588401379074,0.467412738679037,-0.436277803550094,-0.284546183844877,8.34544310988149e-29,2.49528748985456e-26,Not annotated,0.329326386420306,53,4,FALSE,0.00147447982408075
GAB2,GAB2,0.120960445491281,134,31.0060279221561,0.00186219739292365,0.292960327997873,134,FALSE,31.0060279221561,0.00186219739292365,0.292960327997873,0.292960327997873,0.292960327997872,2,-0.466655102808643,0.566488862385934,-0.320608457955014,-0.454582290254066,0.120960445491281,1.453945260546e-19,4.34729632903254e-17,Not annotated,0.292960327997873,91,2,TRUE,0.00145812654343395
GATA3,GATA3,0.237470429028362,116,30.2982122552393,0.00183150183150183,0.254986955954393,116,FALSE,30.2982122552393,0.00183150183150183,0.254986955954393,0.254986955954393,0.254986955954393,1,0.224888124366645,0.296156307553683,0.493262475755718,-1.01738506168758,0.237470429028362,1.39549929204732e-44,4.17254288322149e-42,Not annotated,0.254986955954393,14,1,FALSE,0.00155048002764259
HBEGF,HBEGF,-0.237709113542283,134,43.9224873086216,0.00186219739292365,0.315151748388752,134,FALSE,43.9224873086216,0.00186219739292365,0.315151748388752,0.315151748388753,0.315151748388752,2,0.34767702384391,-0.159823411377124,-0.410923986701168,1.09234070667669,-0.237709113542283,6.24188484246658e-32,1.86632356789751e-29,bladder disease,0.315151748388753,40,2,TRUE,0.00454512634760147
HIF1A,HIF1A,-0.47764363228178,296,252.732083233716,0.00219298245614035,0.613476332074659,296,FALSE,252.732083233716,0.00219298245614035,0.613476332074659,0.61347633207466,0.613476332074659,3,0.255216213362394,-0.83044219278898,0.110952083802164,0.751876225764521,-0.47764363228178,1.73962558350847e-27,5.20148049469033e-25,bladder disease,0.61347633207466,59,4,FALSE,0.00325499989409579
HSPA4,HSPA4,0.0533444615364163,166,64.8312085921165,0.00191938579654511,0.354264191731582,166,FALSE,64.8312085921165,0.00191938579654511,0.354264191731582,0.354264191731582,0.354264191731582,3,0.158619111158408,-0.63033334917219,0.589461421931034,-0.136498767062198,0.0533444615364163,7.56253625354313e-29,2.26119833980939e-26,Not annotated,0.354264191731582,50,4,FALSE,0.00256786454451179
HSPA5,HSPA5,-0.628093192928366,98,13.5039112779204,0.0018018018018018,0.240544804756688,98,FALSE,13.5039112779204,0.0018018018018018,0.240544804756689,0.240544804756689,0.240544804756688,3,-0.14641165983072,0.118971509251726,-0.273495484732762,0.754807809068878,-0.628093192928366,3.65856546394696e-14,1.09391107372014e-11,Not annotated,0.240544804756689,107,4,FALSE,0.00118856155087502
ICAM1,ICAM1,-0.0933837274605049,204,90.1663014664543,0.00199203187250996,0.450318487146673,204,FALSE,90.1663014664543,0.00199203187250996,0.450318487146672,0.450318487146673,0.450318487146672,1,0.275592775524609,0.217216641643683,-0.740475333109364,0.801711555001904,-0.0933837274605049,8.34336138426916e-49,2.49466505389648e-46,urinary bladder cancer,0.450318487146673,11,1,FALSE,0.00161197938931716
IFNG,IFNG,-0.199996957783492,188,59.417896131747,0.00196078431372549,0.412122807094021,188,FALSE,59.417896131747,0.00196078431372549,0.412122807094021,0.412122807094022,0.412122807094021,1,0.0856125859325828,0.174354848341813,-0.492625370097335,0.77245425799467,-0.199996957783492,1.64453136051647e-23,4.91714876794425e-21,urinary bladder cancer,0.412122807094022,78,1,FALSE,0.00149952434508807
IL10,IL10,-0.405964713326419,226,106.732690128651,0.00203665987780041,0.478742487832847,226,FALSE,106.732690128651,0.00203665987780041,0.478742487832847,0.478742487832848,0.478742487832847,1,0.111485077935175,0.0239027087169842,-0.578308141356689,0.70036567900152,-0.405964713326419,1.28903327285993e-33,3.8542094858512e-31,Not annotated,0.478742487832848,36,1,FALSE,0.00165955906765345
IL15,IL15,-0.295387559080939,124,17.596398895802,0.0018450184501845,0.263712522814132,124,FALSE,17.596398895802,0.0018450184501845,0.263712522814132,0.263712522814132,0.263712522814132,1,0.178321004909234,-0.178588713271043,-0.461121768666763,0.862730501828101,-0.295387559080939,1.88081257562142e-24,5.62362960110805e-22,Not annotated,0.263712522814132,75,1,FALSE,0.00123570986068391
IL1B,IL1B,0.135533009672104,278,186.215525437108,0.0021505376344086,0.59299017515019,278,FALSE,186.215525437108,0.0021505376344086,0.592990175150189,0.592990175150191,0.592990175150189,1,0.216612856832685,0.075059531977961,-0.463929810257765,0.724011130590653,0.135533009672104,8.62266230039152e-21,2.57817602781707e-18,urinary bladder cancer; bladder disease,0.592990175150191,83,1,FALSE,0.0029883622310818
IL6,IL6,-0.137462120784465,356,405.698393051572,0.00234741784037559,0.720830063937754,356,FALSE,405.698393051572,0.00234741784037559,0.720830063937755,0.720830063937756,0.720830063937755,1,-0.0544382840628011,-0.0146278759743958,-0.54384957768254,0.818487997223523,-0.137462120784465,4.56241705033908e-36,1.36416269805138e-33,bladder disease,0.720830063937756,29,1,FALSE,0.003506494719805
IL7,IL7,-0.170618590648421,140,28.0784063391366,0.00187265917602996,0.298337960938391,140,FALSE,28.0784063391366,0.00187265917602996,0.298337960938391,0.298337960938392,0.298337960938391,1,0.276355974267698,-0.658587158888363,0.0291614761758961,0.380805892496534,-0.170618590648421,1.65534669047659e-13,4.949486604525e-11,Not annotated,0.298337960938392,111,1,FALSE,0.00132199481477038
IRS1,IRS1,-0.0173306256931448,246,151.164374806253,0.00207900207900208,0.531778328007827,246,FALSE,151.164374806253,0.00207900207900208,0.531778328007826,0.531778328007827,0.531778328007826,2,0.332334232611396,-1.18165705673636,0.669618983801456,-0.166781190472278,-0.0173306256931448,2.32394638122233e-72,6.94859967985477e-70,Not annotated,0.531778328007827,2,2,TRUE,0.00513683226496421
ITGB2,ITGB2,0.254122353868057,94,19.9630665452389,0.00179533213644524,0.191867244637,94,FALSE,19.9630665452389,0.00179533213644524,0.191867244637,0.191867244637001,0.191867244637,2,0.211144940404462,-0.0734929142194637,-0.678519941770458,0.584417204642099,0.254122353868057,4.51425579231101e-38,1.34976248190099e-35,Not annotated,0.191867244637001,22,3,TRUE,0.00117528001287463
JAK2,JAK2,-0.47086822506493,280,209.218448943619,0.0021551724137931,0.597337794884638,280,FALSE,209.218448943619,0.0021551724137931,0.597337794884637,0.597337794884638,0.597337794884637,1,0.244188118422962,-0.555892768980609,-0.168301645684861,0.546042090560464,-0.47086822506493,5.83213342650372e-14,1.74380789452461e-11,Not annotated,0.597337794884638,108,1,FALSE,0.00513720636488068
LYN,LYN,-0.35491812716735,204,106.169600660778,0.00199203187250996,0.427004781260962,204,FALSE,106.169600660778,0.00199203187250996,0.427004781260962,0.427004781260964,0.427004781260962,2,0.129920624601731,0.254797138464607,-0.611565797524475,0.748410496370672,-0.35491812716735,3.10544410147261e-33,9.28527786340312e-31,Not annotated,0.427004781260964,37,3,TRUE,0.00177458123818128
MAPK3,MAPK3,0.255071540454685,416,690.198579410622,0.00252525252525253,0.798164152237349,416,FALSE,690.198579410622,0.00252525252525253,0.798164152237349,0.798164152237351,0.798164152237349,3,-0.293508166882662,0.653161230104929,-0.402721964651015,-0.10669212659742,0.255071540454685,4.86327889410128e-19,1.45412038933628e-16,Not annotated,0.798164152237351,94,4,FALSE,0.00590587434083443
MAPT,MAPT,0.676653217275698,82,13.8908928037703,0.00177619893428064,0.178980188927291,82,FALSE,13.8908928037703,0.00177619893428064,0.178980188927291,0.178980188927291,0.178980188927291,3,-0.330571821252764,0.231864404084712,-0.228443543197661,-0.274367950339648,0.676653217275698,2.8341209882589e-10,8.47402175489412e-08,Not annotated,0.178980188927291,119,3,TRUE,0.00116175170927055
MCL1,MCL1,-0.596428339896535,124,18.0546181659608,0.0018450184501845,0.297330965270832,124,FALSE,18.0546181659608,0.0018450184501845,0.297330965270832,0.297330965270832,0.297330965270832,3,0.146268767981704,0.182837005884077,-0.546948199791743,0.86385292960178,-0.596428339896535,8.05363759365927e-32,2.40803764050412e-29,Not annotated,0.297330965270832,41,4,FALSE,0.00238554515582317
MKI67,MKI67,-0.372161073071214,106,14.8148224095027,0.00181488203266788,0.261502302303829,106,FALSE,14.8148224095027,0.00181488203266788,0.261502302303829,0.261502302303829,0.261502302303829,4,-0.321104070946923,0.718608835690819,-0.388750633650211,0.422758468444974,-0.372161073071214,6.97904857141204e-27,2.0867355228522e-24,urinary bladder cancer; bladder disease,0.261502302303829,61,5,FALSE,0.00232411021727641
MMP3,MMP3,-0.259915071063881,108,16.8201689483391,0.00181818181818182,0.262047944078451,108,FALSE,16.8201689483391,0.00181818181818182,0.262047944078451,0.262047944078451,0.262047944078451,4,0.0627591727788874,0.308865763419951,-0.562342082828028,0.733902481892642,-0.259915071063881,1.4705503568786e-34,4.39694556706702e-32,Not annotated,0.262047944078451,32,5,FALSE,0.00121810943154246
MMP9,MMP9,-0.0376994249981127,246,129.549097476602,0.00207900207900208,0.545672718314599,246,FALSE,129.549097476602,0.00207900207900208,0.545672718314599,0.545672718314599,0.545672718314598,4,0.232802904605261,0.0805956055853068,-0.654161052789918,0.479726579194511,-0.0376994249981127,6.86116922364392e-35,2.05148959786953e-32,urinary bladder cancer,0.545672718314599,31,5,FALSE,0.00294374467769823
NCK1,NCK1,-0.388368839679536,112,31.4559252019277,0.00182481751824818,0.218127686391486,112,FALSE,31.4559252019277,0.00182481751824818,0.218127686391486,0.218127686391486,0.218127686391485,2,0.202434079679104,-0.393581952190391,-0.398657472095615,1.42720975451271,-0.388368839679536,3.44604437560686e-44,1.03036726830645e-41,Not annotated,0.218127686391486,15,3,TRUE,0.00340535589565015
NES,NES,0.707162510703218,104,13.829220363012,0.00181159420289855,0.242528623145694,104,FALSE,13.829220363012,0.00181159420289855,0.242528623145694,0.242528623145694,0.242528623145694,4,-0.341669324966551,0.0578508480559317,-0.494830986762336,0.15547827013173,0.707162510703218,5.08704652306118e-16,1.52102691039529e-13,Not annotated,0.242528623145694,104,5,FALSE,0.0012527205446387
NGFR,NGFR,0.186121057954457,152,59.4404325699802,0.00189393939393939,0.315580707933193,152,FALSE,59.4404325699802,0.00189393939393939,0.315580707933193,0.315580707933193,0.315580707933193,2,-0.112971593881921,-0.272662620721337,-0.51607664830491,0.648324151327763,0.186121057954457,1.09169897436534e-27,3.26417993335237e-25,bladder disease,0.315580707933193,57,2,TRUE,0.00169804773749151
NPM1,NPM1,0.0713593064045491,100,21.0959840213248,0.00180505415162455,0.219340604019097,100,FALSE,21.0959840213248,0.00180505415162455,0.219340604019097,0.219340604019097,0.219340604019097,3,-0.0538219321768411,-0.78353224815715,0.414033294431147,0.44824988239784,0.0713593064045491,3.74059297762463e-25,1.11843730030976e-22,Not annotated,0.219340604019097,72,4,FALSE,0.00125797066935611
NR3C1,NR3C1,-0.178793825145716,122,25.2528607834039,0.00184162062615101,0.285033976662041,122,FALSE,25.2528607834039,0.00184162062615101,0.285033976662041,0.285033976662041,0.28503397666204,3,-0.0584057988857702,-0.789612659555855,-0.0879381795149876,0.582818261430783,-0.178793825145716,8.62973984081876e-19,2.58029221240481e-16,Not annotated,0.285033976662041,96,4,FALSE,0.00130622223392587
NRAS,NRAS,-0.691782592461225,246,168.142169663625,0.00207900207900208,0.49027230531762,246,FALSE,168.142169663625,0.00207900207900208,0.49027230531762,0.490272305317621,0.49027230531762,2,-0.403541397889614,0.499721339455956,-0.101797589040037,0.485716299297238,-0.691782592461225,3.4394223664973e-14,1.02838728758269e-11,Not annotated,0.490272305317621,106,2,TRUE,0.00531222804639619
PDGFRB,PDGFRB,0.530738322875829,238,158.725535429065,0.00206185567010309,0.499720007268133,238,FALSE,158.725535429065,0.00206185567010309,0.499720007268134,0.499720007268134,0.499720007268134,2,-0.328533887686443,0.0514536310053001,-0.637961776255636,0.55911095555204,0.530738322875829,8.47404263781991e-37,2.53373874870815e-34,Not annotated,0.499720007268134,25,2,TRUE,0.0031883894826431
PGR,PGR,0.862328591277334,134,35.4868116615729,0.00186219739292365,0.32252550484918,134,FALSE,35.4868116615729,0.00186219739292365,0.32252550484918,0.32252550484918,0.32252550484918,3,-0.195432475518397,-0.400763123593646,-0.233371649874897,0.0236547429666748,0.862328591277334,4.16896575978232e-12,1.24652076217491e-09,Not annotated,0.32252550484918,115,4,FALSE,0.00453329025020441
PIK3CD,PIK3CD,0.220135120045967,168,66.1792854191966,0.00192307692307692,0.334730236484371,168,FALSE,66.1792854191966,0.00192307692307692,0.334730236484371,0.334730236484371,0.334730236484371,2,0.121696564690876,-0.22866942222191,-0.590027227811465,0.497862589414525,0.220135120045967,8.57886122896503e-29,2.56507950746054e-26,Not annotated,0.334730236484371,54,2,TRUE,0.0046792424266182
PIK3CG,PIK3CG,0.109593703352577,108,16.5106281483543,0.00181818181818182,0.241978727694487,108,FALSE,16.5106281483543,0.00181818181818182,0.241978727694488,0.241978727694488,0.241978727694487,2,0.153046052194994,-0.219932742058579,-0.546023500605415,0.454047151008428,0.109593703352577,2.51639152559871e-25,7.52401066154015e-23,Not annotated,0.241978727694488,70,2,TRUE,0.00130295833233819
PIK3R2,PIK3R2,-0.1049497285356,204,106.285519691178,0.00199203187250996,0.402425804888327,204,FALSE,106.285519691178,0.00199203187250996,0.402425804888328,0.402425804888328,0.402425804888327,2,0.211367755694784,-0.477256739991262,0.588835846626511,-0.603360754106158,-0.1049497285356,1.9888360476525e-29,5.94661978248097e-27,Not annotated,0.402425804888328,45,2,TRUE,0.00496964286322825
PLEK,PLEK,0.25966715186211,86,14.1779553713723,0.0017825311942959,0.195263258846456,86,FALSE,14.1779553713723,0.0017825311942959,0.195263258846456,0.195263258846456,0.195263258846456,2,0.196357472386175,0.0122723940734359,-0.725666217015124,0.638333548510304,0.25966715186211,2.8260511494022e-46,8.44989293671257e-44,Not annotated,0.195263258846456,12,3,TRUE,0.00117857547684999
POU5F1,POU5F1,0.302812800341451,132,34.3651616133742,0.00185873605947955,0.282792641805995,132,FALSE,34.3651616133742,0.00185873605947955,0.282792641805995,0.282792641805995,0.282792641805995,4,-0.350528831809079,0.666396448023002,0.231024142167489,-0.734109136646855,0.302812800341451,2.85397804513541e-22,8.53339435495489e-20,Not annotated,0.282792641805995,81,5,FALSE,0.00247068847144149
PPARG,PPARG,0.330546506958953,202,98.4959444781784,0.00198807157057654,0.441719063839677,202,FALSE,98.4959444781784,0.00198807157057654,0.441719063839677,0.441719063839677,0.441719063839677,3,0.230757423065493,0.454982924416819,0.510359559340212,-1.19612560517322,0.330546506958953,7.40221656303713e-79,2.2132627523481e-76,urinary bladder cancer,0.441719063839677,1,4,FALSE,0.00157920417159015
PPP2CA,PPP2CA,-0.238352050444478,122,38.2638026628753,0.00184162062615101,0.256249073524961,122,FALSE,38.2638026628753,0.00184162062615101,0.256249073524961,0.256249073524961,0.25624907352496,3,0.0755586286649918,-0.419048221808484,0.272600014328208,0.689819609009751,-0.238352050444478,5.95595619600849e-13,1.78083090260654e-10,Not annotated,0.256249073524961,112,3,TRUE,0.00135299179580886
PPP2R1A,PPP2R1A,0.427427855861086,120,35.8617406237836,0.00183823529411765,0.254404499550148,120,FALSE,35.8617406237836,0.00183823529411765,0.254404499550148,0.254404499550148,0.254404499550148,3,-0.0465741940694033,-0.00164743018313566,0.353558286831053,-0.690966066032604,0.427427855861086,4.10156065904332e-12,1.22636663705395e-09,Not annotated,0.254404499550148,114,3,TRUE,0.00135848050881572
PRKCZ,PRKCZ,-0.291129743462562,134,40.9829023922998,0.00186219739292365,0.293425437591652,134,FALSE,40.9829023922998,0.00186219739292365,0.293425437591653,0.293425437591653,0.293425437591652,2,0.255423563509461,-0.116090263781608,0.628319520527135,-0.555935734126971,-0.291129743462562,5.3518259925109e-38,1.60019597176076e-35,Not annotated,0.293425437591653,23,2,TRUE,0.0014003230294827
PRLR,PRLR,0.325588741472826,76,9.29774295981981,0.00176678445229682,0.160015929349743,76,FALSE,9.29774295981981,0.00176678445229682,0.160015929349743,0.160015929349743,0.160015929349743,1,-0.32780849343666,0.841717633204581,-0.349211774474098,-0.425391311939093,0.325588741472826,1.18043788106849e-31,3.52950926439477e-29,Not annotated,0.160015929349743,42,1,FALSE,0.00142411227878221
PTGS2,PTGS2,-0.394951137332087,182,47.5089305228614,0.00194931773879142,0.437474109141124,182,FALSE,47.5089305228614,0.00194931773879142,0.437474109141123,0.437474109141124,0.437474109141123,1,0.327532013446311,-0.424766181781431,-0.0661466535405732,0.602153384100642,-0.394951137332087,3.55133241067277e-11,1.06184839079116e-08,urinary bladder cancer; bladder carcinoma; bladder disease,0.437474109141124,116,1,FALSE,0.00262096288346501
PTK2,PTK2,0.258762152724426,212,109.800843608045,0.00200803212851406,0.466988552066109,212,FALSE,109.800843608045,0.00200803212851406,0.466988552066109,0.466988552066109,0.466988552066109,2,0.0479109943904051,-0.26010588852357,0.538778232944073,-0.571212385214332,0.258762152724426,7.37112915577988e-24,2.20396761757818e-21,Not annotated,0.466988552066109,77,3,TRUE,0.00302198028217989
PTK2B,PTK2B,-0.269578170280333,116,27.1718262475732,0.00183150183150183,0.249487994303504,116,FALSE,27.1718262475732,0.00183150183150183,0.249487994303504,0.249487994303504,0.249487994303504,2,0.15837894610144,-0.620761710026739,0.485263448017297,-0.186154144677491,-0.269578170280333,1.46631087546614e-22,4.38426951764374e-20,Not annotated,0.249487994303504,80,3,TRUE,0.00439396913985498
PTPRC,PTPRC,0.26474572879059,246,159.254106728631,0.00207900207900208,0.524352859261366,246,FALSE,159.254106728631,0.00207900207900208,0.524352859261365,0.524352859261367,0.524352859261365,1,0.229326866183396,-0.135265687433056,-0.591147454929407,0.437337974174791,0.26474572879059,1.55051786664435e-25,4.63604842126661e-23,Not annotated,0.524352859261367,68,1,FALSE,0.00292407845102996
PXN,PXN,0.150687266282127,186,81.8505975557442,0.00195694716242661,0.403492396198344,186,FALSE,81.8505975557442,0.00195694716242661,0.403492396198344,0.403492396198344,0.403492396198344,2,0.108819083014379,-0.749164519550012,0.544346467150901,-0.153698678809386,0.150687266282127,5.12741743791838e-33,1.5330978139376e-30,Not annotated,0.403492396198344,38,3,TRUE,0.00292114733309663
RAC2,RAC2,0.104122148784173,116,32.0992466144156,0.00183150183150183,0.230454484675487,116,FALSE,32.0992466144156,0.00183150183150183,0.230454484675487,0.230454484675487,0.230454484675486,2,0.159201180922905,-0.341515086553883,-0.427985618759732,0.683827449581918,0.104122148784173,1.0541724914169e-20,3.15197574933654e-18,Not annotated,0.230454484675487,84,3,TRUE,0.00136174878788916
RB1,RB1,0.274308400243066,106,12.4520830715301,0.00181488203266788,0.242777526855065,106,FALSE,12.4520830715301,0.00181488203266788,0.242777526855065,0.242777526855065,0.242777526855065,3,0.230764852874322,-0.888812900448142,0.299383214700157,0.30923782038054,0.274308400243066,8.22232263084288e-27,2.45847446662202e-24,urinary bladder cancer,0.242777526855065,62,4,FALSE,0.00127944566730156
RPS27A,RPS27A,0.052667860121271,196,131.322718310058,0.00197628458498024,0.37723412174625,196,FALSE,131.322718310058,0.00197628458498024,0.377234121746249,0.377234121746249,0.377234121746249,3,0.061314864956266,-0.628210512895261,0.389512119662728,-0.0735919328210025,0.052667860121271,1.38970522222877e-16,4.15521861446401e-14,Not annotated,0.377234121746249,103,2,TRUE,0.00494108377528323
SERPINE1,SERPINE1,-0.454959112124494,98,9.98754880508986,0.0018018018018018,0.2359438734028,98,FALSE,9.98754880508986,0.0018018018018018,0.2359438734028,0.235943873402801,0.2359438734028,4,0.105955373854281,-0.124411495818047,-0.1313852293303,0.652613805788984,-0.454959112124494,2.86420792451863e-08,8.5639816943107e-06,urinary bladder cancer,0.235943873402801,121,5,FALSE,0.00220009322874738
SHH,SHH,0.201955431853799,136,35.7153809250507,0.00186567164179104,0.294652046596998,136,FALSE,35.7153809250507,0.00186567164179104,0.294652046596998,0.294652046596999,0.294652046596998,4,0.331525179949755,-0.805467935050457,0.556143594668126,-0.526705370323679,0.201955431853799,4.45655558582657e-41,1.33251012016214e-38,Not annotated,0.294652046596999,18,5,FALSE,0.00258781005235933
SMAD3,SMAD3,-0.261042016202688,190,87.473700757095,0.00196463654223969,0.407916902816825,190,FALSE,87.473700757095,0.00196463654223969,0.407916902816825,0.407916902816825,0.407916902816825,3,0.58119551950435,-0.830637205673439,0.634620753301414,-0.222717480166886,-0.261042016202688,1.28913425194413e-55,3.85451141331294e-53,Not annotated,0.407916902816825,5,4,FALSE,0.00267821512528956
SNAI1,SNAI1,0.184544865910288,150,38.0221913362665,0.00189035916824197,0.34777033938634,150,FALSE,38.0221913362665,0.00189035916824197,0.34777033938634,0.34777033938634,0.34777033938634,4,-0.208872982887387,0.0260617497988262,-0.595599478933644,0.504895303916209,0.184544865910288,7.70712187665333e-29,2.30442944111935e-26,Not annotated,0.34777033938634,52,5,FALSE,0.00254251928185822
SNAI2,SNAI2,-0.203257711048471,114,16.6220916968245,0.00182815356489945,0.270039623088922,114,FALSE,16.6220916968245,0.00182815356489945,0.270039623088921,0.270039623088922,0.270039623088921,4,0.193022191373113,-1.15977996234846,0.0786877985972552,0.937775383216797,-0.203257711048471,8.78653611113492e-56,2.62717429722934e-53,urinary bladder cancer; bladder carcinoma,0.270039623088922,4,5,FALSE,0.00238216442345621
SNCA,SNCA,0.227960047303332,90,18.8894262104935,0.00178890876565295,0.19736983499541,90,FALSE,18.8894262104935,0.00178890876565295,0.19736983499541,0.19736983499541,0.19736983499541,3,0.0210724356287277,-0.108769124219427,-0.527632820006227,0.56161487403717,0.227960047303332,8.93484221180428e-19,2.67151782132948e-16,Not annotated,0.19736983499541,97,3,TRUE,0.00117240483806028
SOCS1,SOCS1,-0.0606662810811321,136,35.3895443850812,0.00186567164179104,0.304068668021172,136,FALSE,35.3895443850812,0.00186567164179104,0.304068668021172,0.304068668021173,0.304068668021172,1,0.106775255233023,0.11927618317009,-0.639642113514464,0.54460580362066,-0.0606662810811321,7.61566113780512e-29,2.27708268020373e-26,urinary bladder cancer,0.304068668021173,51,1,FALSE,0.00245784811806115
SOCS3,SOCS3,-0.0347292725557058,168,53.5407097874686,0.00192307692307692,0.378055512333588,168,FALSE,53.5407097874686,0.00192307692307692,0.378055512333588,0.378055512333589,0.378055512333588,1,0.397749658387376,0.0757629498093218,-0.73329978610698,0.810446862350402,-0.0347292725557058,2.58229878622089e-52,7.72107337080047e-50,Not annotated,0.378055512333589,7,1,FALSE,0.00146365318602476
SOX9,SOX9,-0.292754174738343,132,35.9745886288363,0.00185873605947955,0.283255374828442,132,FALSE,35.9745886288363,0.00185873605947955,0.283255374828442,0.283255374828442,0.283255374828441,4,-0.0651237201181586,0.315568753999087,-0.547723121279612,0.993692149592421,-0.292754174738343,1.46569489227373e-37,4.38242772789844e-35,Not annotated,0.283255374828442,24,5,FALSE,0.00144098250170507
SPP1,SPP1,-0.744131128090171,132,26.9829155486881,0.00185873605947955,0.317589296929655,132,FALSE,26.9829155486881,0.00185873605947955,0.317589296929655,0.317589296929655,0.317589296929655,4,0.3865306774832,0.115036142968554,-0.298403709915127,0.470230032338994,-0.744131128090171,1.29484635616527e-12,3.87159060493415e-10,urinary bladder cancer,0.317589296929655,113,5,FALSE,0.00135182806365342
SRC,SRC,0.454332951815782,470,984.065066155964,0.002710027100271,0.875682181405612,470,FALSE,984.065066155964,0.002710027100271,0.875682181405613,0.875682181405614,0.875682181405613,2,0.147956537843772,0.0155989444581564,0.469393645720815,-0.767133530109263,0.454332951815782,2.52268176627784e-20,7.54281848117074e-18,Not annotated,0.875682181405614,88,3,TRUE,0.00627407897707845
STAT1,STAT1,-0.598305515760312,220,108.685474429514,0.00202429149797571,0.477635186665913,220,FALSE,108.685474429514,0.00202429149797571,0.477635186665912,0.477635186665913,0.477635186665913,1,0.534370007580344,-0.0951044234912255,-0.348361442571398,0.724468249784553,-0.598305515760312,1.10619412681997e-19,3.3075204391917e-17,Not annotated,0.477635186665913,89,1,FALSE,0.002707168410414
STAT3,STAT3,-0.594341514416131,416,628.336859429219,0.00252525252525253,0.822517287300535,416,FALSE,628.336859429219,0.00252525252525253,0.822517287300536,0.822517287300537,0.822517287300536,1,0.471420900946776,-0.475478204295732,-0.234015501574675,0.677675075346706,-0.594341514416131,2.62517257937973e-19,7.8492660123454e-17,Not annotated,0.822517287300537,92,1,FALSE,0.00577333272893441
STAT6,STAT6,0.213127735865407,112,20.3744988658541,0.00182481751824818,0.250307840309086,112,FALSE,20.3744988658541,0.00182481751824818,0.250307840309086,0.250307840309086,0.250307840309086,1,0.361479115457762,-0.76503098698076,0.572597030162246,-0.332640872411629,0.213127735865407,2.50154692589218e-49,7.47962530841761e-47,Not annotated,0.250307840309086,10,1,FALSE,0.001176719487671
TGFB1,TGFB1,-0.307276190038545,190,75.7072913933258,0.00196463654223969,0.432762422935154,190,FALSE,75.7072913933258,0.00196463654223969,0.432762422935153,0.432762422935154,0.432762422935153,4,0.15695714862207,-0.836193134941557,0.0626921729358412,0.556568877214807,-0.307276190038545,1.06585344426134e-22,3.1869017983414e-20,urinary bladder cancer; bladder carcinoma,0.432762422935154,79,5,FALSE,0.0026390378739809
TIMP1,TIMP1,-0.0885152286593663,106,7.59825288989186,0.00181488203266788,0.263021464576669,106,FALSE,7.59825288989186,0.00181488203266788,0.263021464576668,0.263021464576669,0.263021464576669,4,-0.124765635922025,-0.287756117513195,-0.420054509660851,0.690629546890095,-0.0885152286593663,1.06821272735171e-17,3.19395605478161e-15,Not annotated,0.263021464576669,98,5,FALSE,0.00113939916107443
TLR2,TLR2,-0.400955472605537,146,36.5613871650242,0.00188323917137476,0.321607235029279,146,FALSE,36.5613871650242,0.00188323917137476,0.321607235029279,0.321607235029279,0.321607235029279,1,0.48065954960567,-0.591104278336409,-0.175997145025792,0.838276693166875,-0.400955472605537,4.92006671148207e-26,1.47109994673314e-23,urinary bladder cancer,0.321607235029279,66,1,FALSE,0.00128924386762146
TLR4,TLR4,-0.554023693339199,218,129.646048183784,0.00202020202020202,0.464542020640528,218,FALSE,129.646048183784,0.00202020202020202,0.464542020640527,0.464542020640528,0.464542020640528,1,0.151974715507488,-0.824937708149407,0.544299377565563,-0.51412394138716,-0.554023693339199,5.05213740657338e-40,1.51058908456544e-37,Not annotated,0.464542020640528,19,1,FALSE,0.00170462673214061
TNF,TNF,0.317204435267842,336,346.686223423145,0.00229357798165138,0.683401576192443,336,FALSE,346.686223423145,0.00229357798165138,0.683401576192443,0.683401576192443,0.683401576192443,1,0.153878528776996,-0.0100950920938052,-0.601204921117112,0.532645556120041,0.317204435267842,1.21555015999967e-26,3.634494978399e-24,bladder disease,0.683401576192443,64,1,FALSE,0.00331457550856355
TNFRSF1A,TNFRSF1A,-0.299799185326195,138,33.2677478962541,0.00186915887850467,0.304687496295758,138,FALSE,33.2677478962541,0.00186915887850467,0.304687496295757,0.304687496295758,0.304687496295757,1,0.542993836087833,-0.50724527354235,0.106371114825801,0.351131240759434,-0.299799185326195,9.73894524346487e-15,2.911944627796e-12,Not annotated,0.304687496295758,105,1,FALSE,0.00128072038025218
TP53,TP53,-0.266197422733514,430,673.533513647705,0.0025706940874036,0.832014389853007,430,FALSE,673.533513647705,0.0025706940874036,0.832014389853007,0.832014389853007,0.832014389853007,3,0.146911205801333,-0.439234590001201,0.511002222128678,-0.868871498974459,-0.266197422733514,8.80159463107757e-28,2.63167679469219e-25,urinary bladder cancer; bladder carcinoma; bladder disease,0.832014389853007,56,4,FALSE,0.00589572048414767
TRAF6,TRAF6,-0.187272377875005,162,63.8610434977817,0.00191204588910134,0.348239129092228,162,FALSE,63.8610434977817,0.00191204588910134,0.348239129092228,0.348239129092229,0.348239129092228,3,-0.0255137173826963,-0.710152965815371,0.486205472112672,-0.216744915986455,-0.187272377875005,6.16415166333341e-25,1.84308134733669e-22,Not annotated,0.348239129092229,73,1,FALSE,0.0014504022586054
VEGFC,VEGFC,0.109743754511848,114,17.1323704353938,0.00182815356489945,0.267715109689731,114,FALSE,17.1323704353938,0.00182815356489945,0.267715109689731,0.267715109689731,0.26771510968973,2,-0.12306713665736,0.152735780694591,-0.518115396670131,0.774303326455629,0.109743754511848,1.2001147517065e-25,3.58834310760244e-23,urinary bladder cancer; bladder carcinoma,0.267715109689731,67,2,TRUE,0.00436916387940744
WNT5A,WNT5A,0.102840050353019,88,24.746200849942,0.00178571428571429,0.183085461589159,88,FALSE,24.746200849942,0.00178571428571429,0.183085461589159,0.183085461589159,0.183085461589159,4,0.467077845241633,-0.630212437543678,0.0544937726232874,0.144377037257123,0.102840050353019,1.47819583085489e-13,4.41980553425611e-11,Not annotated,0.183085461589159,109,5,FALSE,0.00228700128306777
ZAP70,ZAP70,0.500200260862751,120,33.3182060938341,0.00183823529411765,0.249988014945191,120,FALSE,33.3182060938341,0.00183823529411765,0.249988014945192,0.249988014945192,0.249988014945191,1,0.197960822157116,-0.0532458478117536,-0.606357386274036,0.202812989925264,0.500200260862751,2.04017123282464e-25,6.10011198614568e-23,Not annotated,0.249988014945192,69,1,FALSE,0.00135764507664668
