name,padj,protein_atlas,keep,go_bladder_disease,go_urinary_bladder_cancer,go_bladder_carcinoma,go_count,go_condensed,scRNA_normal_class,scRNA_cancer_class,scRNA_cancer_conf_level,scRNA_normal_conf_level,degree.x,hub_score,betweenness.x,closeness.x,eigenvector.x,community,module,in_signature_module,expression,go_bladder_score,classification_agreement,combined_confidence,protein_atlas_category,keep_numeric
AKT3,5.6e-18,uro_cells,yes,no,no,no,0,no,non_urothelial,non_urothelial,Low,Medium,116,0.263075759622097,24.3196002190085,0.00183150183150183,0.263075759622097,3,4,FALSE,0.425665410337283,0,Consistent,Medium_Low,Urothelial,0
ANGPT1,4.7e-18,uro_cells,yes,no,no,no,0,no,non_urothelial,non_urothelial,Medium,High,134,0.307987805078063,29.4736429799456,0.00186219739292365,0.307987805078063,2,2,TRUE,0.226311297960211,0,Consistent,High_Medium,Urothelial,0
ANXA2,5e-34,uro_cells,yes,no,no,no,0,no,uro_cells,uro_cells,High,High,76,0.187483308201537,10.8847323228226,0.00176678445229682,0.187483308201537,4,5,FALSE,-0.518560262552585,0,Consistent,High_High,Urothelial,0
ANXA5,5.3e-24,bladder_related,yes,no,no,no,0,no,uro_cells,uro_cells,Medium,Medium,220,0.489636930816466,108.858058621306,0.00202429149797571,0.489636930816465,1,4,FALSE,-0.021537613842872,0,Consistent,Medium_Medium,Other,0
AREG,4.1e-22,ambiguous,review,no,yes,no,1,yes,uro_cells,uro_cells,Medium,High,124,0.278756063671114,34.0670384723997,0.0018450184501845,0.278756063671113,2,2,TRUE,-0.507737036911336,2,Consistent,High_Medium,Ambiguous,2
ARRB1,2e-26,ligand,review,no,no,no,0,no,non_urothelial,uro_cells,Low,Medium,102,0.21053616965232,33.4826106250879,0.00180831826401447,0.21053616965232,3,3,TRUE,0.506420833354666,0,Inconsistent,Medium_Low,Other,2
ARRB2,1.8e-42,ligand,review,no,no,no,0,no,non_urothelial,non_urothelial,Low,Medium,106,0.202122469747678,39.5079046684967,0.00181488203266788,0.202122469747678,3,3,TRUE,-0.0492283260128542,0,Consistent,Medium_Low,Other,2
BMP2,4.1e-25,bladder_related,review,no,no,no,0,no,uro_cells,non_urothelial,Medium,Low,94,0.212488292087937,14.7265546094586,0.00179533213644524,0.212488292087937,4,5,FALSE,0.319529283201999,0,Inconsistent,Low_Medium,Other,2
BMP4,1.9e-14,uro_cells,review,no,no,no,0,no,non_urothelial,non_urothelial,High,Medium,120,0.249527738426841,30.957504466139,0.00183823529411765,0.249527738426842,4,5,FALSE,0.85294181259252,0,Consistent,Medium_High,Urothelial,2
BRCA1,1.9e-31,uro_cells,yes,no,yes,no,1,yes,non_urothelial,non_urothelial,Low,High,156,0.335578734470801,49.0940340323397,0.00190114068441065,0.335578734470801,3,4,FALSE,-0.225447504451578,2,Consistent,High_Low,Urothelial,0
CASP8,1e-19,uro_cells,yes,no,no,no,0,no,non_urothelial,uro_cells,Medium,Medium,150,0.348066257809591,35.7940403699527,0.00189035916824197,0.348066257809591,3,4,FALSE,-0.137789373535615,0,Inconsistent,Medium_Medium,Urothelial,0
CASP9,2.4e-14,uro_cells,yes,no,yes,no,1,yes,non_urothelial,non_urothelial,Low,Medium,124,0.298052704785899,18.855486834328,0.0018450184501845,0.298052704785899,3,4,FALSE,0.0352138111392846,2,Consistent,Medium_Low,Urothelial,0
CAV1,1.2e-33,non_urothelial,no,no,yes,yes,2,yes,uro_cells,uro_cells,High,Low,210,0.452988068601958,130.153923624883,0.00200400801603206,0.452988068601958,4,5,FALSE,0.472416022367582,3,Consistent,Low_High,Non-urothelial,0
CCL2,4.4e-48,uro_cells,yes,no,no,no,0,no,uro_cells,non_urothelial,Medium,Low,180,0.401672415238595,49.8519551196934,0.00194552529182879,0.401672415238595,1,1,FALSE,0.272847746067993,0,Inconsistent,Low_Medium,Urothelial,0
CCNA2,1.2e-31,uro_cells,yes,no,no,no,0,no,non_urothelial,non_urothelial,Medium,High,108,0.239799097824334,14.0307422616285,0.00181818181818182,0.239799097824334,3,4,FALSE,-0.439474649849291,0,Consistent,High_Medium,Urothelial,0
CCNB1,9.4e-30,uro_cells,yes,no,no,no,0,no,non_urothelial,non_urothelial,Low,Medium,112,0.243401459466407,17.4767626173497,0.00182481751824818,0.243401459466407,3,4,FALSE,-0.23954033740764,0,Consistent,Medium_Low,Urothelial,0
CCND1,3.5e-39,uro_cells,yes,no,yes,yes,2,yes,uro_cells,uro_cells,High,Medium,306,0.622749372195832,267.81840945977,0.00221729490022173,0.62274937219583,3,4,FALSE,-0.259779364042628,3,Consistent,Medium_High,Urothelial,0
CD247,6.9e-27,non_urothelial,no,no,no,no,0,no,non_urothelial,non_urothelial,High,High,92,0.203155454165144,11.9638863807427,0.0017921146953405,0.203155454165144,1,1,FALSE,0.430027603759222,0,Consistent,High_High,Non-urothelial,0
CD274,1.1e-35,uro_cells,yes,no,no,no,0,no,non_urothelial,non_urothelial,Low,High,136,0.316576490310092,28.6805776935001,0.00186567164179104,0.316576490310092,1,1,FALSE,-0.383924177997097,0,Consistent,High_Low,Urothelial,0
CD34,2e-08,non_urothelial,no,no,no,no,0,no,non_urothelial,non_urothelial,Medium,Medium,206,0.454035309222825,92.1681939358698,0.00199600798403194,0.454035309222824,1,1,FALSE,0.65959455825712,0,Consistent,Medium_Medium,Non-urothelial,0
CD44,5.7e-48,uro_cells,yes,no,yes,no,1,yes,uro_cells,non_urothelial,Medium,Medium,288,0.600845684751404,244.122787290934,0.00217391304347826,0.600845684751402,4,5,FALSE,-0.299430516590087,2,Inconsistent,Medium_Medium,Urothelial,0
CD8A,4.1e-17,non_urothelial,no,no,no,no,0,no,non_urothelial,non_urothelial,High,High,216,0.478818148322215,91.9061575612973,0.00201612903225806,0.478818148322215,1,1,FALSE,0.1912754036352,0,Consistent,High_High,Non-urothelial,0
CDKN1A,2.3e-16,uro_cells,yes,no,yes,no,1,yes,uro_cells,uro_cells,Low,High,162,0.36720889097506,35.4776900626472,0.00191204588910134,0.36720889097506,3,4,FALSE,-0.250948412267402,2,Consistent,High_Low,Urothelial,0
CDKN2A,8.2e-23,uro_cells,yes,no,yes,yes,2,yes,non_urothelial,uro_cells,High,Medium,222,0.495813209357435,105.481111620029,0.00202839756592292,0.495813209357435,3,4,FALSE,-0.258599374995325,3,Inconsistent,Medium_High,Urothelial,0
CREB1,1.4e-16,uro_cells,yes,no,no,no,0,no,non_urothelial,uro_cells,Low,Low,176,0.407786408148844,64.3403927525432,0.00193798449612403,0.407786408148844,3,4,FALSE,-0.234656608631951,0,Inconsistent,Low_Low,Urothelial,0
CSF1,1.2e-31,missing,review,yes,no,no,1,yes,non_urothelial,non_urothelial,Medium,Medium,152,0.341414727063615,45.984988686656,0.00189393939393939,0.341414727063615,1,1,FALSE,0.0764931312574488,1,Consistent,Medium_Medium,Other,2
CSF2,3.9e-18,non_urothelial,review,yes,no,no,1,yes,non_urothelial,non_urothelial,High,High,212,0.476609456920208,80.5404444929576,0.00200803212851406,0.476609456920208,1,1,FALSE,-0.249964667927997,1,Consistent,High_High,Non-urothelial,2
CSF3,1.9e-25,non_urothelial,review,yes,no,no,1,yes,non_urothelial,non_urothelial,Medium,Medium,144,0.316318170201738,25.0967724264301,0.0018796992481203,0.316318170201738,1,1,FALSE,-0.372360207996942,1,Consistent,Medium_Medium,Non-urothelial,2
CTNNB1,8.6e-22,uro_cells,yes,no,yes,no,1,yes,uro_cells,uro_cells,Medium,Medium,446,0.832464453964681,831.194124143341,0.0026246719160105,0.83246445396468,3,4,FALSE,0.0318754499051705,2,Consistent,Medium_Medium,Urothelial,0
CTNND1,1.8e-26,uro_cells,yes,no,no,no,0,no,uro_cells,non_urothelial,Low,Medium,88,0.187073578978943,17.7257254602291,0.00178571428571429,0.187073578978943,2,3,TRUE,0.0533302613007993,0,Inconsistent,Medium_Low,Urothelial,0
CTTN,3.6e-24,uro_cells,yes,no,no,no,0,no,uro_cells,uro_cells,Medium,Medium,96,0.198398180330351,21.4194832493548,0.00179856115107914,0.198398180330351,2,3,TRUE,-0.0319808427093733,0,Consistent,Medium_Medium,Urothelial,0
CXCL8,2.2e-40,missing,no,no,yes,yes,2,yes,uro_cells,non_urothelial,High,High,248,0.531616520220521,150.561747582414,0.00208333333333333,0.531616520220521,1,1,FALSE,-0.555532024785957,3,Inconsistent,High_High,Other,0
CXCR4,1.8e-33,missing,review,no,yes,yes,2,yes,non_urothelial,non_urothelial,Medium,Medium,234,0.5136832948607,144.070941453009,0.00205338809034908,0.5136832948607,1,1,FALSE,0.231975097299844,3,Consistent,Medium_Medium,Other,2
DNM2,1.7e-54,uro_cells,yes,no,no,no,0,no,non_urothelial,uro_cells,Low,Low,70,0.139321725292537,16.1071947985861,0.00175746924428822,0.139321725292537,2,3,TRUE,0.0715976218247899,0,Inconsistent,Low_Low,Urothelial,0
EPCAM,5e-28,uro_cells,yes,no,no,no,0,no,uro_cells,uro_cells,High,Medium,88,0.222929729326285,6.55771058841766,0.00178571428571429,0.222929729326285,4,5,FALSE,0.196274383751193,0,Consistent,Medium_High,Urothelial,0
EPHA2,2e-14,ambiguous,review,no,yes,yes,2,yes,uro_cells,uro_cells,Medium,Medium,134,0.287879034317897,38.9204071615214,0.00186219739292365,0.287879034317896,2,2,TRUE,-0.636974186070886,3,Consistent,Medium_Medium,Ambiguous,2
EREG,3.1e-34,uro_cells,yes,no,no,no,0,no,non_urothelial,non_urothelial,Low,Medium,108,0.240430844295742,16.4577745325733,0.00181818181818182,0.240430844295741,2,2,TRUE,-0.420319377427017,0,Consistent,Medium_Low,Urothelial,0
EZH2,3.4e-50,uro_cells,yes,no,yes,yes,2,yes,non_urothelial,uro_cells,Medium,Medium,124,0.269368112887163,27.9437747131923,0.0018450184501845,0.269368112887162,3,4,FALSE,-0.342518120470145,3,Inconsistent,Medium_Medium,Urothelial,0
FAS,4.7e-11,ambiguous,review,no,no,no,0,yes,non_urothelial,non_urothelial,Medium,Medium,112,0.252005867017087,23.3918846569139,0.00182481751824818,0.252005867017086,1,1,FALSE,-0.399657968789604,0,Consistent,Medium_Medium,Ambiguous,2
FGFR1,4e-15,uro_cells,yes,no,no,no,0,no,non_urothelial,non_urothelial,Medium,Low,194,0.402644690510608,89.264451816554,0.0019723865877712,0.402644690510608,2,2,TRUE,0.727077125141016,0,Consistent,Low_Medium,Urothelial,0
FGFR3,1.9e-37,uro_cells,yes,no,yes,yes,2,yes,non_urothelial,non_urothelial,Low,Low,172,0.359595765695521,70.9022830851557,0.00193050193050193,0.359595765695521,2,2,TRUE,0.162745486928711,3,Consistent,Low_Low,Urothelial,0
FGFR4,2.3e-06,uro_cells,yes,no,no,no,0,no,non_urothelial,non_urothelial,High,High,128,0.271059553012798,28.0635766047688,0.00185185185185185,0.271059553012798,2,2,TRUE,0.676757521294621,0,Consistent,High_High,Urothelial,0
FN1,1.6e-24,non_urothelial,no,no,yes,no,1,yes,uro_cells,uro_cells,High,Low,348,0.688137907020088,432.007464524502,0.00232558139534884,0.688137907020087,4,5,FALSE,0.259474594874806,2,Consistent,Low_High,Non-urothelial,0
FOXO1,2.5e-26,uro_cells,yes,no,no,no,0,no,non_urothelial,uro_cells,Low,Low,152,0.329326386420306,56.8459453292017,0.00189393939393939,0.329326386420305,3,4,FALSE,-0.284546183844877,0,Inconsistent,Low_Low,Urothelial,0
GAB2,4.3e-17,uro_cells,yes,no,no,no,0,no,non_urothelial,non_urothelial,Medium,Medium,134,0.292960327997873,31.0060279221561,0.00186219739292365,0.292960327997873,2,2,TRUE,0.120960445491281,0,Consistent,Medium_Medium,Urothelial,0
GATA3,4.2e-42,uro_cells,yes,no,no,no,0,no,uro_cells,uro_cells,High,Medium,116,0.254986955954393,30.2982122552393,0.00183150183150183,0.254986955954393,1,1,FALSE,0.237470429028362,0,Consistent,Medium_High,Urothelial,0
HBEGF,1.9e-29,missing,review,yes,no,no,1,yes,uro_cells,non_urothelial,Low,Medium,134,0.315151748388753,43.9224873086216,0.00186219739292365,0.315151748388752,2,2,TRUE,-0.237709113542283,1,Inconsistent,Medium_Low,Other,2
HIF1A,5.2e-25,uro_cells,yes,yes,no,no,1,yes,uro_cells,uro_cells,Medium,Medium,296,0.61347633207466,252.732083233716,0.00219298245614035,0.613476332074659,3,4,FALSE,-0.47764363228178,1,Consistent,Medium_Medium,Urothelial,0
HSPA4,2.3e-26,uro_cells,yes,no,no,no,0,no,non_urothelial,uro_cells,Medium,Low,166,0.354264191731582,64.8312085921165,0.00191938579654511,0.354264191731582,3,4,FALSE,0.0533444615364163,0,Inconsistent,Low_Medium,Urothelial,0
HSPA5,1.1e-11,uro_cells,yes,no,no,no,0,no,uro_cells,uro_cells,High,High,98,0.240544804756689,13.5039112779204,0.0018018018018018,0.240544804756688,3,4,FALSE,-0.628093192928366,0,Consistent,High_High,Urothelial,0
ICAM1,2.5e-46,non_urothelial,no,no,yes,no,1,yes,non_urothelial,uro_cells,Low,Low,204,0.450318487146673,90.1663014664543,0.00199203187250996,0.450318487146673,1,1,FALSE,-0.0933837274605049,2,Inconsistent,Low_Low,Non-urothelial,0
IFNG,4.9e-21,ligand,review,no,yes,no,1,yes,non_urothelial,non_urothelial,High,High,188,0.412122807094022,59.417896131747,0.00196078431372549,0.412122807094021,1,1,FALSE,-0.199996957783492,2,Consistent,High_High,Other,2
IL10,3.9e-31,ligand,review,no,no,no,0,no,non_urothelial,non_urothelial,High,High,226,0.478742487832848,106.732690128651,0.00203665987780041,0.478742487832847,1,1,FALSE,-0.405964713326419,0,Consistent,High_High,Other,2
IL15,5.6e-22,non_urothelial,review,no,no,no,0,no,non_urothelial,non_urothelial,Medium,Medium,124,0.263712522814132,17.596398895802,0.0018450184501845,0.263712522814132,1,1,FALSE,-0.295387559080939,0,Consistent,Medium_Medium,Non-urothelial,2
IL1B,2.6e-18,missing,review,yes,yes,no,2,yes,uro_cells,uro_cells,Medium,Low,278,0.592990175150191,186.215525437108,0.0021505376344086,0.59299017515019,1,1,FALSE,0.135533009672104,3,Consistent,Low_Medium,Other,2
IL6,1.4e-33,non_urothelial,review,yes,no,no,1,yes,non_urothelial,non_urothelial,Medium,Medium,356,0.720830063937756,405.698393051572,0.00234741784037559,0.720830063937754,1,1,FALSE,-0.137462120784465,1,Consistent,Medium_Medium,Non-urothelial,2
IL7,4.9e-11,non_urothelial,review,no,no,no,0,no,non_urothelial,non_urothelial,High,High,140,0.298337960938392,28.0784063391366,0.00187265917602996,0.298337960938391,1,1,FALSE,-0.170618590648421,0,Consistent,High_High,Non-urothelial,2
IRS1,6.9e-70,uro_cells,yes,no,no,no,0,no,non_urothelial,non_urothelial,Low,Low,246,0.531778328007827,151.164374806253,0.00207900207900208,0.531778328007827,2,2,TRUE,-0.0173306256931448,0,Consistent,Low_Low,Urothelial,0
ITGB2,1.3e-35,non_urothelial,no,no,no,no,0,no,non_urothelial,non_urothelial,Medium,Medium,94,0.191867244637001,19.9630665452389,0.00179533213644524,0.191867244637,2,3,TRUE,0.254122353868057,0,Consistent,Medium_Medium,Non-urothelial,0
JAK2,1.7e-11,uro_cells,yes,no,no,no,0,no,non_urothelial,non_urothelial,Medium,Medium,280,0.597337794884638,209.218448943619,0.0021551724137931,0.597337794884638,1,1,FALSE,-0.47086822506493,0,Consistent,Medium_Medium,Urothelial,0
LYN,9.3e-31,uro_cells,yes,no,no,no,0,no,non_urothelial,uro_cells,Low,Low,204,0.427004781260964,106.169600660778,0.00199203187250996,0.427004781260962,2,3,TRUE,-0.35491812716735,0,Inconsistent,Low_Low,Urothelial,0
MAPK3,1.5e-16,uro_cells,yes,no,no,no,0,no,non_urothelial,uro_cells,Low,Low,416,0.798164152237351,690.198579410622,0.00252525252525253,0.798164152237349,3,4,FALSE,0.255071540454685,0,Inconsistent,Low_Low,Urothelial,0
MAPT,8.5e-08,uro_cells,yes,no,no,no,0,no,non_urothelial,non_urothelial,Medium,High,82,0.178980188927291,13.8908928037703,0.00177619893428064,0.178980188927291,3,3,TRUE,0.676653217275698,0,Consistent,High_Medium,Urothelial,0
MCL1,2.4e-29,uro_cells,yes,no,no,no,0,no,uro_cells,uro_cells,High,High,124,0.297330965270832,18.0546181659608,0.0018450184501845,0.297330965270832,3,4,FALSE,-0.596428339896535,0,Consistent,High_High,Urothelial,0
MKI67,2.1e-24,uro_cells,yes,no,yes,no,1,yes,non_urothelial,non_urothelial,Low,High,106,0.261502302303829,14.8148224095027,0.00181488203266788,0.261502302303829,4,5,FALSE,-0.372161073071214,2,Consistent,High_Low,Urothelial,0
MMP3,4.4e-32,uro_cells,yes,no,no,no,0,no,non_urothelial,non_urothelial,High,Medium,108,0.262047944078451,16.8201689483391,0.00181818181818182,0.262047944078451,4,5,FALSE,-0.259915071063881,0,Consistent,Medium_High,Urothelial,0
MMP9,2.1e-32,ambiguous,review,no,yes,no,1,yes,non_urothelial,non_urothelial,High,High,246,0.545672718314599,129.549097476602,0.00207900207900208,0.545672718314599,4,5,FALSE,-0.0376994249981127,2,Consistent,High_High,Ambiguous,2
NCK1,1e-41,uro_cells,yes,no,no,no,0,no,non_urothelial,uro_cells,Low,Low,112,0.218127686391486,31.4559252019277,0.00182481751824818,0.218127686391486,2,3,TRUE,-0.388368839679536,0,Inconsistent,Low_Low,Urothelial,0
NES,1.5e-13,bladder_related,review,no,no,no,0,no,non_urothelial,non_urothelial,High,Medium,104,0.242528623145694,13.829220363012,0.00181159420289855,0.242528623145694,4,5,FALSE,0.707162510703218,0,Consistent,Medium_High,Other,2
NGFR,3.3e-25,uro_cells,yes,yes,no,no,1,yes,non_urothelial,non_urothelial,High,High,152,0.315580707933193,59.4404325699802,0.00189393939393939,0.315580707933193,2,2,TRUE,0.186121057954457,1,Consistent,High_High,Urothelial,0
NPM1,1.1e-22,uro_cells,yes,no,no,no,0,no,uro_cells,uro_cells,High,High,100,0.219340604019097,21.0959840213248,0.00180505415162455,0.219340604019097,3,4,FALSE,0.0713593064045491,0,Consistent,High_High,Urothelial,0
NR3C1,2.6e-16,uro_cells,yes,no,no,no,0,no,non_urothelial,non_urothelial,Medium,Low,122,0.285033976662041,25.2528607834039,0.00184162062615101,0.285033976662041,3,4,FALSE,-0.178793825145716,0,Consistent,Low_Medium,Urothelial,0
NRAS,1e-11,uro_cells,yes,no,no,no,0,no,non_urothelial,uro_cells,Medium,Low,246,0.490272305317621,168.142169663625,0.00207900207900208,0.49027230531762,2,2,TRUE,-0.691782592461225,0,Inconsistent,Low_Medium,Urothelial,0
PDGFRB,2.5e-34,non_urothelial,no,no,no,no,0,no,non_urothelial,non_urothelial,Medium,Medium,238,0.499720007268134,158.725535429065,0.00206185567010309,0.499720007268133,2,2,TRUE,0.530738322875829,0,Consistent,Medium_Medium,Non-urothelial,0
PGR,1.2e-09,uro_cells,yes,no,no,no,0,no,non_urothelial,non_urothelial,High,High,134,0.32252550484918,35.4868116615729,0.00186219739292365,0.32252550484918,3,4,FALSE,0.862328591277334,0,Consistent,High_High,Urothelial,0
PIK3CD,2.6e-26,uro_cells,yes,no,no,no,0,no,non_urothelial,non_urothelial,High,High,168,0.334730236484371,66.1792854191966,0.00192307692307692,0.334730236484371,2,2,TRUE,0.220135120045967,0,Consistent,High_High,Urothelial,0
PIK3CG,7.5e-23,uro_cells,yes,no,no,no,0,no,non_urothelial,non_urothelial,High,High,108,0.241978727694488,16.5106281483543,0.00181818181818182,0.241978727694487,2,2,TRUE,0.109593703352577,0,Consistent,High_High,Urothelial,0
PIK3R2,5.9e-27,uro_cells,yes,no,no,no,0,no,non_urothelial,non_urothelial,Medium,High,204,0.402425804888328,106.285519691178,0.00199203187250996,0.402425804888327,2,2,TRUE,-0.1049497285356,0,Consistent,High_Medium,Urothelial,0
PLEK,8.4e-44,non_urothelial,no,no,no,no,0,no,non_urothelial,non_urothelial,Medium,Medium,86,0.195263258846456,14.1779553713723,0.0017825311942959,0.195263258846456,2,3,TRUE,0.25966715186211,0,Consistent,Medium_Medium,Non-urothelial,0
POU5F1,8.5e-20,uro_cells,yes,no,no,no,0,no,non_urothelial,non_urothelial,Medium,Medium,132,0.282792641805995,34.3651616133742,0.00185873605947955,0.282792641805995,4,5,FALSE,0.302812800341451,0,Consistent,Medium_Medium,Urothelial,0
PPARG,2.2e-76,uro_cells,yes,no,yes,no,1,yes,uro_cells,uro_cells,High,Medium,202,0.441719063839677,98.4959444781784,0.00198807157057654,0.441719063839677,3,4,FALSE,0.330546506958953,2,Consistent,Medium_High,Urothelial,0
PPP2CA,1.8e-10,uro_cells,yes,no,no,no,0,no,uro_cells,uro_cells,Medium,Medium,122,0.256249073524961,38.2638026628753,0.00184162062615101,0.256249073524961,3,3,TRUE,-0.238352050444478,0,Consistent,Medium_Medium,Urothelial,0
PPP2R1A,1.2e-09,bladder_related,yes,no,no,no,0,no,uro_cells,uro_cells,High,Low,120,0.254404499550148,35.8617406237836,0.00183823529411765,0.254404499550148,3,3,TRUE,0.427427855861086,0,Consistent,Low_High,Other,0
PRKCZ,1.6e-35,uro_cells,yes,no,no,no,0,no,non_urothelial,non_urothelial,Low,Medium,134,0.293425437591653,40.9829023922998,0.00186219739292365,0.293425437591652,2,2,TRUE,-0.291129743462562,0,Consistent,Medium_Low,Urothelial,0
PRLR,3.5e-29,ambiguous,review,no,no,no,0,no,non_urothelial,non_urothelial,High,High,76,0.160015929349743,9.29774295981981,0.00176678445229682,0.160015929349743,1,1,FALSE,0.325588741472826,0,Consistent,High_High,Ambiguous,2
PTGS2,1.1e-08,uro_cells,yes,yes,yes,yes,3,yes,uro_cells,non_urothelial,Low,High,182,0.437474109141124,47.5089305228614,0.00194931773879142,0.437474109141124,1,1,FALSE,-0.394951137332087,4,Inconsistent,High_Low,Urothelial,0
PTK2,2.2e-21,uro_cells,yes,no,no,no,0,no,non_urothelial,uro_cells,Medium,Low,212,0.466988552066109,109.800843608045,0.00200803212851406,0.466988552066109,2,3,TRUE,0.258762152724426,0,Inconsistent,Low_Medium,Urothelial,0
PTK2B,4.4e-20,uro_cells,yes,no,no,no,0,no,non_urothelial,non_urothelial,Low,Medium,116,0.249487994303504,27.1718262475732,0.00183150183150183,0.249487994303504,2,3,TRUE,-0.269578170280333,0,Consistent,Medium_Low,Urothelial,0
PTPRC,4.6e-23,non_urothelial,no,no,no,no,0,no,non_urothelial,non_urothelial,High,Medium,246,0.524352859261367,159.254106728631,0.00207900207900208,0.524352859261366,1,1,FALSE,0.26474572879059,0,Consistent,Medium_High,Non-urothelial,0
PXN,1.5e-30,uro_cells,yes,no,no,no,0,no,non_urothelial,uro_cells,Medium,Low,186,0.403492396198344,81.8505975557442,0.00195694716242661,0.403492396198344,2,3,TRUE,0.150687266282127,0,Inconsistent,Low_Medium,Urothelial,0
RAC2,3.2e-18,uro_cells,yes,no,no,no,0,no,non_urothelial,non_urothelial,Medium,Medium,116,0.230454484675487,32.0992466144156,0.00183150183150183,0.230454484675487,2,3,TRUE,0.104122148784173,0,Consistent,Medium_Medium,Urothelial,0
RB1,2.5e-24,uro_cells,yes,no,yes,no,1,yes,non_urothelial,uro_cells,Low,Low,106,0.242777526855065,12.4520830715301,0.00181488203266788,0.242777526855065,3,4,FALSE,0.274308400243066,2,Inconsistent,Low_Low,Urothelial,0
RPS27A,4.2e-14,uro_cells,yes,no,no,no,0,no,uro_cells,uro_cells,High,High,196,0.377234121746249,131.322718310058,0.00197628458498024,0.37723412174625,3,2,TRUE,0.052667860121271,0,Consistent,High_High,Urothelial,0
SERPINE1,8.6e-06,uro_cells,yes,no,yes,no,1,yes,non_urothelial,non_urothelial,Low,Low,98,0.235943873402801,9.98754880508986,0.0018018018018018,0.2359438734028,4,5,FALSE,-0.454959112124494,2,Consistent,Low_Low,Urothelial,0
SHH,1.3e-38,ligand,review,no,no,no,0,no,non_urothelial,non_urothelial,High,Low,136,0.294652046596999,35.7153809250507,0.00186567164179104,0.294652046596998,4,5,FALSE,0.201955431853799,0,Consistent,Low_High,Other,2
SMAD3,3.9e-53,uro_cells,yes,no,no,no,0,no,uro_cells,uro_cells,Low,Medium,190,0.407916902816825,87.473700757095,0.00196463654223969,0.407916902816825,3,4,FALSE,-0.261042016202688,0,Consistent,Medium_Low,Urothelial,0
SNAI1,2.3e-26,uro_cells,yes,no,no,no,0,no,non_urothelial,non_urothelial,Medium,High,150,0.34777033938634,38.0221913362665,0.00189035916824197,0.34777033938634,4,5,FALSE,0.184544865910288,0,Consistent,High_Medium,Urothelial,0
SNAI2,2.6e-53,uro_cells,yes,no,yes,yes,2,yes,non_urothelial,non_urothelial,Medium,Low,114,0.270039623088922,16.6220916968245,0.00182815356489945,0.270039623088922,4,5,FALSE,-0.203257711048471,3,Consistent,Low_Medium,Urothelial,0
SNCA,2.7e-16,bladder_related,yes,no,no,no,0,no,non_urothelial,non_urothelial,High,Medium,90,0.19736983499541,18.8894262104935,0.00178890876565295,0.19736983499541,3,3,TRUE,0.227960047303332,0,Consistent,Medium_High,Other,0
SOCS1,2.3e-26,uro_cells,yes,no,yes,no,1,yes,non_urothelial,uro_cells,Medium,Low,136,0.304068668021173,35.3895443850812,0.00186567164179104,0.304068668021172,1,1,FALSE,-0.0606662810811321,2,Inconsistent,Low_Medium,Urothelial,0
SOCS3,7.7e-50,uro_cells,yes,no,no,no,0,no,uro_cells,uro_cells,Medium,Low,168,0.378055512333589,53.5407097874686,0.00192307692307692,0.378055512333588,1,1,FALSE,-0.0347292725557058,0,Consistent,Low_Medium,Urothelial,0
SOX9,4.4e-35,uro_cells,yes,no,no,no,0,no,non_urothelial,non_urothelial,Low,Low,132,0.283255374828442,35.9745886288363,0.00185873605947955,0.283255374828442,4,5,FALSE,-0.292754174738343,0,Consistent,Low_Low,Urothelial,0
SPP1,3.9e-10,uro_cells,yes,no,yes,no,1,yes,non_urothelial,non_urothelial,Low,High,132,0.317589296929655,26.9829155486881,0.00185873605947955,0.317589296929655,4,5,FALSE,-0.744131128090171,2,Consistent,High_Low,Urothelial,0
SRC,7.5e-18,uro_cells,yes,no,no,no,0,no,non_urothelial,uro_cells,Low,Low,470,0.875682181405614,984.065066155964,0.002710027100271,0.875682181405612,2,3,TRUE,0.454332951815782,0,Inconsistent,Low_Low,Urothelial,0
STAT1,3.3e-17,uro_cells,yes,no,no,no,0,no,non_urothelial,uro_cells,Medium,Low,220,0.477635186665913,108.685474429514,0.00202429149797571,0.477635186665913,1,1,FALSE,-0.598305515760312,0,Inconsistent,Low_Medium,Urothelial,0
STAT3,7.8e-17,uro_cells,yes,no,no,no,0,no,uro_cells,uro_cells,Low,Low,416,0.822517287300537,628.336859429219,0.00252525252525253,0.822517287300535,1,1,FALSE,-0.594341514416131,0,Consistent,Low_Low,Urothelial,0
STAT6,7.5e-47,uro_cells,yes,no,no,no,0,no,non_urothelial,uro_cells,Low,Low,112,0.250307840309086,20.3744988658541,0.00182481751824818,0.250307840309086,1,1,FALSE,0.213127735865407,0,Inconsistent,Low_Low,Urothelial,0
TGFB1,3.2e-20,ligand,no,no,yes,yes,2,yes,uro_cells,non_urothelial,Low,Low,190,0.432762422935154,75.7072913933258,0.00196463654223969,0.432762422935154,4,5,FALSE,-0.307276190038545,3,Inconsistent,Low_Low,Other,0
TIMP1,3.2e-15,uro_cells,yes,no,no,no,0,no,uro_cells,uro_cells,High,High,106,0.263021464576669,7.59825288989186,0.00181488203266788,0.263021464576669,4,5,FALSE,-0.0885152286593663,0,Consistent,High_High,Urothelial,0
TLR2,1.5e-23,non_urothelial,review,no,yes,no,1,yes,non_urothelial,non_urothelial,High,High,146,0.321607235029279,36.5613871650242,0.00188323917137476,0.321607235029279,1,1,FALSE,-0.400955472605537,2,Consistent,High_High,Non-urothelial,2
TLR4,1.5e-37,uro_cells,yes,no,no,no,0,no,non_urothelial,non_urothelial,Low,Medium,218,0.464542020640528,129.646048183784,0.00202020202020202,0.464542020640528,1,1,FALSE,-0.554023693339199,0,Consistent,Medium_Low,Urothelial,0
TNF,3.6e-24,non_urothelial,review,yes,no,no,1,yes,non_urothelial,non_urothelial,Medium,High,336,0.683401576192443,346.686223423145,0.00229357798165138,0.683401576192443,1,1,FALSE,0.317204435267842,1,Consistent,High_Medium,Non-urothelial,2
TNFRSF1A,2.9e-12,uro_cells,yes,no,no,no,0,no,uro_cells,uro_cells,Medium,Low,138,0.304687496295758,33.2677478962541,0.00186915887850467,0.304687496295758,1,1,FALSE,-0.299799185326195,0,Consistent,Low_Medium,Urothelial,0
TP53,2.6e-25,uro_cells,yes,yes,yes,yes,3,yes,non_urothelial,uro_cells,Medium,Low,430,0.832014389853007,673.533513647705,0.0025706940874036,0.832014389853007,3,4,FALSE,-0.266197422733514,4,Inconsistent,Low_Medium,Urothelial,0
TRAF6,1.8e-22,uro_cells,yes,no,no,no,0,no,non_urothelial,non_urothelial,Low,Medium,162,0.348239129092229,63.8610434977817,0.00191204588910134,0.348239129092228,3,1,FALSE,-0.187272377875005,0,Consistent,Medium_Low,Urothelial,0
VEGFC,3.6e-23,ambiguous,review,no,yes,yes,2,yes,non_urothelial,non_urothelial,Medium,Medium,114,0.267715109689731,17.1323704353938,0.00182815356489945,0.267715109689731,2,2,TRUE,0.109743754511848,3,Consistent,Medium_Medium,Ambiguous,2
WNT5A,4.4e-11,ligand,review,no,no,no,0,no,non_urothelial,non_urothelial,Medium,Medium,88,0.183085461589159,24.746200849942,0.00178571428571429,0.183085461589159,4,5,FALSE,0.102840050353019,0,Consistent,Medium_Medium,Other,2
ZAP70,6.1e-23,non_urothelial,no,no,no,no,0,no,non_urothelial,non_urothelial,High,High,120,0.249988014945192,33.3182060938341,0.00183823529411765,0.249988014945191,1,1,FALSE,0.500200260862751,0,Consistent,High_High,Non-urothelial,0
