name,label,degree
ABL1,ABL1,1
AKT1,AKT1,1
AKT2,AKT2,1
AKT3,AKT3,1
ALB,ALB,1
ALK,ALK,1
ANGPT1,ANGPT1,1
ANXA2,ANXA2,1
ANXA5,ANXA5,1
APP,APP,1
AR,AR,1
AREG,AREG,1
ARF6,ARF6,1
ARRB1,ARRB1,1
ARRB2,ARRB2,1
ATM,ATM,1
AXIN1,AXIN1,1
BCAR1,BCAR1,1
BCL2L1,BCL2L1,1
BCL2L11,BCL2L11,1
BDNF,BDNF,1
BECN1,BECN1,1
BMP2,BMP2,1
BMP4,BMP4,1
BRCA1,BRCA1,1
BTC,BTC,1
CASP3,CASP3,1
CASP8,CASP8,1
CASP9,CASP9,1
CAV1,CAV1,1
CBL,CBL,1
CCL2,CCL2,1
CCN2,CCN2,1
CCNA2,CCNA2,1
CCNB1,CCNB1,1
CCND1,CCND1,1
CD19,CD19,1
CD247,CD247,1
CD274,CD274,1
CD28,CD28,1
CD34,CD34,1
CD4,CD4,1
CD44,CD44,1
CD8A,CD8A,1
CDC42,CDC42,1
CDH1,CDH1,1
CDH2,CDH2,1
CDH5,CDH5,1
CDK1,CDK1,1
CDK4,CDK4,1
CDKN1A,CDKN1A,1
CDKN1B,CDKN1B,1
CDKN2A,CDKN2A,1
CHUK,CHUK,1
CREB1,CREB1,1
CRK,CRK,1
CRKL,CRKL,1
CSF1,CSF1,1
CSF2,CSF2,1
CSF3,CSF3,1
CSK,CSK,1
CTNNA1,CTNNA1,1
CTNNB1,CTNNB1,1
CTNND1,CTNND1,1
CTTN,CTTN,1
CXCL12,CXCL12,1
CXCL8,CXCL8,1
CXCR4,CXCR4,1
CYCS,CYCS,1
DLG4,DLG4,1
DNM2,DNM2,1
EDN1,EDN1,1
EGF,EGF,1
EGFR,EGFR,1
EP300,EP300,1
EPCAM,EPCAM,1
EPHA2,EPHA2,1
EPO,EPO,1
EPOR,EPOR,1
EPS15,EPS15,1
ERBB2,ERBB2,1
ERBB3,ERBB3,1
ERBB4,ERBB4,1
EREG,EREG,1
ESR1,ESR1,1
EZH2,EZH2,1
EZR,EZR,1
FAS,FAS,1
FBXW7,FBXW7,1
FGF1,FGF1,1
FGF10,FGF10,1
FGF13,FGF13,1
FGF19,FGF19,1
FGF2,FGF2,1
FGF23,FGF23,1
FGF3,FGF3,1
FGF4,FGF4,1
FGF7,FGF7,1
FGF8,FGF8,1
FGFR1,FGFR1,1
FGFR2,FGFR2,1
FGFR3,FGFR3,1
FGFR4,FGFR4,1
FGR,FGR,1
FLNA,FLNA,1
FLT1,FLT1,1
FLT3LG,FLT3LG,1
FLT4,FLT4,1
FN1,FN1,1
FOS,FOS,1
FOXO1,FOXO1,1
FOXO3,FOXO3,1
FOXP3,FOXP3,1
FYN,FYN,1
GAB1,GAB1,1
GAB2,GAB2,1
GAPDH,GAPDH,1
GATA3,GATA3,1
GFAP,GFAP,1
GNA11,GNA11,1
GNAQ,GNAQ,1
GRB2,GRB2,1
H2AX,H2AX,1
HBEGF,HBEGF,1
HDAC1,HDAC1,1
HGF,HGF,1
HGS,HGS,1
HIF1A,HIF1A,1
HNF4A,HNF4A,1
HPGDS,HPGDS,1
HRAS,HRAS,1
HSP90AA1,HSP90AA1,1
HSP90AB1,HSP90AB1,1
HSPA4,HSPA4,1
HSPA5,HSPA5,1
HSPA8,HSPA8,1
ICAM1,ICAM1,1
IFNA1,IFNA1,1
IFNB1,IFNB1,1
IFNG,IFNG,1
IGF1,IGF1,1
IGF2,IGF2,1
IKBKG,IKBKG,1
IL10,IL10,1
IL13,IL13,1
IL15,IL15,1
IL1A,IL1A,1
IL1B,IL1B,1
IL2,IL2,1
IL3,IL3,1
IL4,IL4,1
IL5,IL5,1
IL6,IL6,1
IL6R,IL6R,1
IL6ST,IL6ST,1
IL7,IL7,1
INS,INS,1
INSR,INSR,1
IQGAP1,IQGAP1,1
IRS1,IRS1,1
IRS2,IRS2,1
ITGB1,ITGB1,1
ITGB2,ITGB2,1
ITGB3,ITGB3,1
JAK1,JAK1,1
JAK2,JAK2,1
JAK3,JAK3,1
JUN,JUN,1
KDR,KDR,1
KIT,KIT,1
KRAS,KRAS,1
LCK,LCK,1
LEP,LEP,1
LIF,LIF,1
LRRK2,LRRK2,1
LYN,LYN,1
MAP2K1,MAP2K1,1
MAPK1,MAPK1,1
MAPK14,MAPK14,1
MAPK3,MAPK3,1
MAPK8,MAPK8,1
MAPK9,MAPK9,1
MAPT,MAPT,1
MCL1,MCL1,1
MDM2,MDM2,1
MET,MET,1
MKI67,MKI67,1
MMP2,MMP2,1
MMP3,MMP3,1
MMP9,MMP9,1
MTOR,MTOR,1
NANOG,NANOG,1
NCAM1,NCAM1,1
NCK1,NCK1,1
NES,NES,1
NF1,NF1,1
NFKBIA,NFKBIA,1
NGF,NGF,1
NGFR,NGFR,1
NPM1,NPM1,1
NR3C1,NR3C1,1
NRAS,NRAS,1
NTRK1,NTRK1,1
NTRK2,NTRK2,1
PAK1,PAK1,1
PARP1,PARP1,1
PDGFA,PDGFA,1
PDGFB,PDGFB,1
PDGFRA,PDGFRA,1
PDGFRB,PDGFRB,1
PECAM1,PECAM1,1
PGR,PGR,1
PIK3CA,PIK3CA,1
PIK3CD,PIK3CD,1
PIK3CG,PIK3CG,1
PIK3R1,PIK3R1,1
PIK3R2,PIK3R2,1
PIK3R3,PIK3R3,1
PLCG1,PLCG1,1
PLCG2,PLCG2,1
PLEK,PLEK,1
POU5F1,POU5F1,1
PPARG,PPARG,1
PPP2CA,PPP2CA,1
PPP2R1A,PPP2R1A,1
PRKACA,PRKACA,1
PRKCA,PRKCA,1
PRKCZ,PRKCZ,1
PRLR,PRLR,1
PROM1,PROM1,1
PTEN,PTEN,1
PTGS2,PTGS2,1
PTK2,PTK2,1
PTK2B,PTK2B,1
PTPN1,PTPN1,1
PTPN11,PTPN11,1
PTPN6,PTPN6,1
PTPRC,PTPRC,1
PXN,PXN,1
RAC1,RAC1,1
RAC2,RAC2,1
RAF1,RAF1,1
RASA1,RASA1,1
RB1,RB1,1
RELA,RELA,1
RET,RET,1
RHOA,RHOA,1
RPS27A,RPS27A,1
SDC1,SDC1,1
SERPINE1,SERPINE1,1
SHC1,SHC1,1
SHH,SHH,1
SMAD2,SMAD2,1
SMAD3,SMAD3,1
SMAD4,SMAD4,1
SMARCA4,SMARCA4,1
SNAI1,SNAI1,1
SNAI2,SNAI2,1
SNCA,SNCA,1
SOCS1,SOCS1,1
SOCS3,SOCS3,1
SOX2,SOX2,1
SOX9,SOX9,1
SP1,SP1,1
SPP1,SPP1,1
SRC,SRC,1
STAT1,STAT1,1
STAT3,STAT3,1
STAT5A,STAT5A,1
STAT5B,STAT5B,1
STAT6,STAT6,1
SYK,SYK,1
TERT,TERT,1
TFRC,TFRC,1
TGFA,TGFA,1
TGFB1,TGFB1,1
TGFBR2,TGFBR2,1
THBS1,THBS1,1
TIMP1,TIMP1,1
TJP1,TJP1,1
TLR2,TLR2,1
TLR4,TLR4,1
TNF,TNF,1
TNFRSF1A,TNFRSF1A,1
TP53,TP53,1
TRAF6,TRAF6,1
TYK2,TYK2,1
UBA52,UBA52,1
UBB,UBB,1
UBC,UBC,1
VAV1,VAV1,1
VCL,VCL,1
VEGFC,VEGFC,1
WNT1,WNT1,1
WNT3A,WNT3A,1
WNT5A,WNT5A,1
XIAP,XIAP,1
XPO1,XPO1,1
YAP1,YAP1,1
YES1,YES1,1
YWHAB,YWHAB,1
YWHAZ,YWHAZ,1
ZAP70,ZAP70,1
