"node_id","node_label","expression","degree","is_signature","betweenness","closeness","eigenvector","hub_score","authority_score","community","mean_expr_UroB","mean_expr_GU","mean_expr_UroA","mean_expr_BaSq","mean_expr_UroC","go_pval","go_padj","go_description","go_hub_score","go_rank","module","in_signature_module","random_walk_score"
"ABL1","ABL1",0.150560575465565,196,FALSE,124.130781118542,0.00197628458498024,0.395875247857624,0.395875247857624,0.395875247857624,3,-0.374494203088044,-0.0333902402727182,-0.28166580774152,-0.138129206725822,0.150560575465565,,,,,,,,
"AKT1","AKT1",-0.552459888144125,512,FALSE,1262.17183409095,0.0028735632183908,0.925091001044557,0.925091001044557,0.925091001044556,3,0.181696130422097,-0.151449500166701,0.174411066652517,-0.321541355651891,-0.552459888144125,,,,,,,,
"AKT2","AKT2",0.459008813404811,126,FALSE,28.6883452741395,0.00184842883548983,0.289297174841873,0.289297174841873,0.289297174841873,3,-0.0131015966879605,0.142818072817267,-0.214236903595266,-0.0222962752743306,0.459008813404811,,,,,,,,
"AKT3","AKT3",0.425665410337283,116,FALSE,24.3196002190085,0.00183150183150183,0.263075759622096,0.263075759622097,0.263075759622096,3,-0.281909538987868,0.191145627685025,-0.574673660767738,0.240285842371141,0.425665410337283,1.88273199363966e-20,5.62936866098257e-18,"Not annotated",0.263075759622097,87,4,FALSE,0.00256375792120466
"ALB","ALB",-0.114370712154074,352,FALSE,425.258825646112,0.00233644859813084,0.696087736201911,0.696087736201913,0.696087736201912,4,-0.140299389486687,0.136263506450673,-0.0968984524401894,-0.104528001928073,-0.114370712154074,,,,,,,,
"ALK","ALK",0.214577300760724,122,FALSE,27.5355694865145,0.00184162062615101,0.283871298677609,0.283871298677609,0.283871298677608,2,-0.164580221786753,0.122425098611138,-0.175711502437674,-0.0351374961109693,0.214577300760724,,,,,,,,
"ANGPT1","ANGPT1",0.226311297960211,134,FALSE,29.4736429799456,0.00186219739292365,0.307987805078063,0.307987805078063,0.307987805078062,2,-0.276162814258895,-0.0120925602884658,-0.513201413378876,0.528137639885193,0.226311297960211,1.58073833621798e-20,4.72640762529175e-18,"Not annotated",0.307987805078063,86,2,TRUE,0.00448224906110998
"ANXA2","ANXA2",-0.518560262552585,76,FALSE,10.8847323228226,0.00176678445229682,0.187483308201537,0.187483308201537,0.187483308201537,4,0.103722811792932,-0.282855198272609,-0.113443126691709,1.40973932903399,-0.518560262552585,1.66544102634868e-36,4.97966866878255e-34,"Not annotated",0.187483308201537,27,5,FALSE,0.0010927279159739
"ANXA5","ANXA5",-0.021537613842872,220,FALSE,108.858058621306,0.00202429149797571,0.489636930816466,0.489636930816466,0.489636930816465,1,0.0799863396696468,-0.220234202934947,-0.557612394677951,0.823196716318708,-0.021537613842872,1.78018867124109e-26,5.32276412701086e-24,"Not annotated",0.489636930816466,65,4,FALSE,0.00282304939351404
"APP","APP",0.292196418677547,136,FALSE,35.3715078060371,0.00186567164179104,0.31364281873726,0.31364281873726,0.31364281873726,3,0.0348659164916422,-0.0368457792403866,-0.160299639277987,0.104884594392345,0.292196418677547,,,,,,,,
"AR","AR",0.0699826742288547,162,FALSE,44.4317302201526,0.00191204588910134,0.367839513845227,0.367839513845227,0.367839513845227,3,0.308502068535862,-0.305557439404341,0.144548872574097,-0.544423560813544,0.0699826742288547,,,,,,,,
"AREG","AREG",-0.507737036911336,124,FALSE,34.0670384723997,0.0018450184501845,0.278756063671113,0.278756063671114,0.278756063671113,2,-0.0878921727203617,0.245058796748284,-0.417823032095424,0.908789510826249,-0.507737036911336,1.37007706504573e-24,4.09653042448672e-22,"urinary bladder cancer",0.278756063671114,74,2,TRUE,0.00451188484623791
"ARF6","ARF6",-0.325625736688785,86,FALSE,22.0065358254286,0.0017825311942959,0.175826201766405,0.175826201766405,0.175826201766405,2,-0.103538967375241,0.144883422986563,0.0827964375557636,0.315284556169945,-0.325625736688785,,,,,,,,
"ARRB1","ARRB1",0.506420833354666,102,FALSE,33.4826106250879,0.00180831826401447,0.21053616965232,0.21053616965232,0.21053616965232,3,-0.437162404973013,0.7710537720746,-0.362112246219475,-0.468045517450286,0.506420833354666,6.66757084290056e-29,1.99360368202727e-26,"Not annotated",0.21053616965232,48,3,TRUE,0.00123726621805389
"ARRB2","ARRB2",-0.0492283260128542,106,FALSE,39.5079046684967,0.00181488203266788,0.202122469747678,0.202122469747678,0.202122469747677,3,0.0168406402789404,0.442923677553975,-0.754321716742537,0.453527464857666,-0.0492283260128542,5.96468248261456e-45,1.78344006230175e-42,"Not annotated",0.202122469747678,13,3,TRUE,0.00126255142627471
"ATM","ATM",0.0875520104801618,152,FALSE,40.2595840506329,0.00189393939393939,0.334490548872296,0.334490548872296,0.334490548872295,3,-0.0845392927481853,-0.658939611282592,-0.00978716579493393,-0.044950524248068,0.0875520104801618,,,,,,,,
"AXIN1","AXIN1",-0.0692908999562402,80,FALSE,11.5857273674145,0.00177304964539007,0.178515305859781,0.178515305859781,0.178515305859781,3,0.0420319810261038,0.00301838731985194,0.0161470004805666,-0.239013577144698,-0.0692908999562402,,,,,,,,
"BCAR1","BCAR1",-0.515702256211744,124,FALSE,23.7772737624598,0.0018450184501845,0.276198376093157,0.276198376093157,0.276198376093157,2,0.439922699982601,-0.303678802353861,-0.058974789219937,0.445718275340751,-0.515702256211744,,,,,,,,
"BCL2L1","BCL2L1",0.0168309008217268,206,FALSE,80.8347283251702,0.00199600798403194,0.468101690170572,0.468101690170573,0.468101690170572,3,0.0121393021423089,0.649249460701319,-0.203449233338209,-0.0332192748633317,0.0168309008217268,,,,,,,,
"BCL2L11","BCL2L11",-0.350202329047806,134,FALSE,31.2537820287022,0.00186219739292365,0.3156441864864,0.3156441864864,0.3156441864864,3,-0.103932598776401,0.276534419948647,-0.192716063253472,0.0662618548026955,-0.350202329047806,,,,,,,,
"BDNF","BDNF",0.289615862903624,204,FALSE,95.087332487844,0.00199203187250996,0.461215669745869,0.46121566974587,0.461215669745869,2,-0.209576420875871,-0.149816063159772,-0.451946034203019,0.39929632402764,0.289615862903624,,,,,,,,
"BECN1","BECN1",-0.0727236091295393,114,FALSE,24.02778371082,0.00182815356489945,0.266025858983051,0.266025858983051,0.266025858983051,3,0.351309230393022,-0.227920624891982,0.45394860310766,-0.512810707089482,-0.0727236091295393,,,,,,,,
"BMP2","BMP2",0.319529283201999,94,FALSE,14.7265546094586,0.00179533213644524,0.212488292087937,0.212488292087937,0.212488292087937,4,-0.316999449262564,-0.438350282602445,0.581014357428114,-0.483372396559039,0.319529283201999,1.37290222510799e-27,4.10497765307288e-25,"Not annotated",0.212488292087937,58,5,FALSE,0.00125489917252425
"BMP4","BMP4",0.85294181259252,120,FALSE,30.957504466139,0.00183823529411765,0.249527738426841,0.249527738426841,0.249527738426841,4,-0.0150801648702108,0.102025107591292,-0.512424798030288,-0.0344710188700653,0.85294181259252,6.46874473425074e-17,1.93415467554097e-14,"Not annotated",0.249527738426841,100,5,FALSE,0.00138174036064962
"BRCA1","BRCA1",-0.225447504451578,156,FALSE,49.0940340323397,0.00190114068441065,0.335578734470801,0.335578734470801,0.335578734470801,3,-0.379688888986125,0.872071810525029,-0.409609044022065,0.417734668446921,-0.225447504451578,6.40444973970805e-34,1.91493047217271e-31,"urinary bladder cancer",0.335578734470801,35,4,FALSE,0.00266365051873552
"BTC","BTC",-0.00153636201704811,72,FALSE,4.84249277089806,0.00176056338028169,0.172997454438586,0.172997454438586,0.172997454438586,2,0.306647854090358,0.330434521883709,0.182667514675267,-0.653817043250759,-0.00153636201704811,,,,,,,,
"CASP3","CASP3",-0.465732840177219,318,FALSE,293.352959242982,0.00224719101123596,0.656854878809026,0.656854878809026,0.656854878809026,3,0.300755083185985,0.0829087491968644,0.186571581559473,-0.094408646962903,-0.465732840177219,,,,,,,,
"CASP8","CASP8",-0.137789373535615,150,FALSE,35.7940403699527,0.00189035916824197,0.348066257809591,0.348066257809591,0.348066257809591,3,0.435225369394378,-0.649951403104217,0.379136543090136,-0.255083555960751,-0.137789373535615,3.40928500155457e-22,1.01937621546482e-19,"Not annotated",0.348066257809591,82,4,FALSE,0.00246616347830713
"CASP9","CASP9",0.0352138111392846,124,FALSE,18.855486834328,0.0018450184501845,0.298052704785899,0.298052704785899,0.298052704785899,3,0.0342413509138135,0.337186337329925,0.272138060517716,-0.891658769471055,0.0352138111392846,8.05907432373464e-17,2.40966322279666e-14,"urinary bladder cancer",0.298052704785899,102,4,FALSE,0.00239311546006457
"CAV1","CAV1",0.472416022367582,210,FALSE,130.153923624883,0.00200400801603206,0.452988068601958,0.452988068601958,0.452988068601958,4,-0.408049341684502,-0.16156318448276,-0.478698665273285,1.0399832856752,0.472416022367582,3.86703594353998e-36,1.15624374711845e-33,"urinary bladder cancer; bladder carcinoma",0.452988068601958,28,5,FALSE,0.00284965974224701
"CBL","CBL",0.061180252182365,242,FALSE,177.986170222268,0.0020703933747412,0.480887255601666,0.480887255601666,0.480887255601666,2,-0.35877067090561,-0.32405878882747,-0.0129430032796583,-0.0326455695412523,0.061180252182365,,,,,,,,
"CCL2","CCL2",0.272847746067993,180,FALSE,49.8519551196934,0.00194552529182879,0.401672415238594,0.401672415238595,0.401672415238594,1,0.234646536973496,0.117892147045794,-0.763108901018797,0.712572067984171,0.272847746067993,1.48509439404472e-50,4.44043223819372e-48,"Not annotated",0.401672415238595,8,1,FALSE,0.00147282519703642
"CCN2","CCN2",0.364487147441015,128,FALSE,26.0947772976403,0.00185185185185185,0.295730986303241,0.295730986303241,0.295730986303241,4,-0.332127789095076,-0.0648712714161349,-0.451111637312722,0.528684823249796,0.364487147441015,,,,,,,,
"CCNA2","CCNA2",-0.439474649849291,108,FALSE,14.0307422616285,0.00181818181818182,0.239799097824334,0.239799097824334,0.239799097824333,3,-0.210992556313551,0.7955907960597,-0.424192124149493,0.647470592611836,-0.439474649849291,3.89860062164356e-34,1.16568158587142e-31,"Not annotated",0.239799097824334,33,4,FALSE,0.00237072101828717
"CCNB1","CCNB1",-0.23954033740764,112,FALSE,17.4767626173497,0.00182481751824818,0.243401459466407,0.243401459466407,0.243401459466407,3,-0.237555911416253,0.735177390665443,-0.388814076070599,0.774133490193565,-0.23954033740764,3.15858005931763e-32,9.44415437735972e-30,"Not annotated",0.243401459466407,39,4,FALSE,0.00236439245431027
"CCND1","CCND1",-0.259779364042628,306,FALSE,267.81840945977,0.00221729490022173,0.622749372195831,0.622749372195832,0.62274937219583,3,0.400644970477685,-0.894177995310131,0.547006718308395,-0.0892280625939684,-0.259779364042628,1.1543468322624e-41,3.45149702846458e-39,"urinary bladder cancer; bladder carcinoma",0.622749372195832,17,4,FALSE,0.005413162614874
"CD19","CD19",0.0350770690340964,144,FALSE,35.175127601664,0.0018796992481203,0.311653244060854,0.311653244060854,0.311653244060853,1,-0.203015670266881,0.0106104605497444,-0.326090782126194,0.0432657157364736,0.0350770690340964,,,,,,,,
"CD247","CD247",0.430027603759222,92,FALSE,11.9638863807427,0.0017921146953405,0.203155454165144,0.203155454165144,0.203155454165144,1,0.170017532161596,0.0394924493105608,-0.648291945509773,0.372858969845951,0.430027603759222,2.32400140403568e-29,6.94876419806669e-27,"Not annotated",0.203155454165144,46,1,FALSE,0.00225974509725843
"CD274","CD274",-0.383924177997097,136,FALSE,28.6805776935001,0.00186567164179104,0.316576490310092,0.316576490310092,0.316576490310092,1,0.158050239231618,0.157280288542028,-0.590068320147259,0.955570320846244,-0.383924177997097,3.57033257155719e-38,1.0675294388956e-35,"Not annotated",0.316576490310092,21,1,FALSE,0.00242967848993905
"CD28","CD28",0.285311336570405,154,FALSE,51.3023852404983,0.00189753320683112,0.323385428313068,0.323385428313068,0.323385428313067,1,0.256811467947729,-0.118221635954074,-0.616312144096189,0.36142651804838,0.285311336570405,,,,,,,,
"CD34","CD34",0.65959455825712,206,FALSE,92.1681939358698,0.00199600798403194,0.454035309222824,0.454035309222825,0.454035309222824,1,-0.0858011048906013,-0.0337547480552869,-0.432504831635397,-0.0833770719625725,0.65959455825712,6.6609422237158e-11,1.99162172489103e-08,"Not annotated",0.454035309222825,117,1,FALSE,0.00278108479134844
"CD4","CD4",0.320596616215155,262,FALSE,159.315714544562,0.00211416490486258,0.567968167209422,0.567968167209424,0.567968167209423,1,0.128782480201311,-0.318018537728789,-0.380723167461582,0.197233359304871,0.320596616215155,,,,,,,,
"CD44","CD44",-0.299430516590087,288,FALSE,244.122787290934,0.00217391304347826,0.600845684751402,0.600845684751404,0.600845684751403,4,0.227249824939191,-1.08004587050628,0.0236252837888723,1.04113584199263,-0.299430516590087,1.91926102743494e-50,5.73859047203047e-48,"urinary bladder cancer",0.600845684751404,9,5,FALSE,0.00515065046821472
"CD8A","CD8A",0.1912754036352,216,FALSE,91.9061575612973,0.00201612903225806,0.478818148322214,0.478818148322215,0.478818148322214,1,0.0339198968637051,-0.0792009266821455,-0.533439753869168,0.552289284915979,0.1912754036352,1.38381920947438e-19,4.13761943632838e-17,"Not annotated",0.478818148322215,90,1,FALSE,0.0027855609504461
"CDC42","CDC42",-0.162995729501472,242,FALSE,188.258309423161,0.0020703933747412,0.484763277804256,0.484763277804255,0.484763277804255,2,0.173095912662057,0.168759437704403,0.380981297307683,-0.309518668422077,-0.162995729501472,,,,,,,,
"CDH1","CDH1",0.165104347212308,288,FALSE,265.820404325083,0.00217391304347826,0.589984559470788,0.589984559470788,0.589984559470787,4,0.21809810296021,0.215861691023682,0.390387853593289,-0.267657128480476,0.165104347212308,,,,,,,,
"CDH2","CDH2",-0.0280036866021083,180,FALSE,74.2066297982823,0.00194552529182879,0.396749961391928,0.396749961391928,0.396749961391928,4,-0.14797752259183,-0.273829367426046,-0.188267437496105,0.00483868595648568,-0.0280036866021083,,,,,,,,
"CDH5","CDH5",0.257729329069421,128,FALSE,36.5495828479226,0.00185185185185185,0.28111395375231,0.28111395375231,0.28111395375231,4,-0.152502173895987,0.0417400050934392,-0.486980985771815,0.0561982326209767,0.257729329069421,,,,,,,,
"CDK1","CDK1",-0.365622675626629,132,FALSE,34.5504686167637,0.00185873605947955,0.270086373140533,0.270086373140533,0.270086373140533,3,-0.188008343269921,0.527986770393583,-0.239992679580285,0.402279455539215,-0.365622675626629,,,,,,,,
"CDK4","CDK4",0.292021097823537,152,FALSE,40.6015523265326,0.00189393939393939,0.326317179595975,0.326317179595975,0.326317179595975,3,-0.278143438941205,0.616326317256063,-0.271114606722859,0.158815927771514,0.292021097823537,,,,,,,,
"CDKN1A","CDKN1A",-0.250948412267402,162,FALSE,35.4776900626472,0.00191204588910134,0.36720889097506,0.36720889097506,0.36720889097506,3,0.0622134783566483,-0.614397471253039,0.440900690432234,0.00607267457731317,-0.250948412267402,7.7501387635392e-19,2.31729149029822e-16,"urinary bladder cancer",0.36720889097506,95,4,FALSE,0.00261215626326912
"CDKN1B","CDKN1B",-0.0958338048512075,122,FALSE,21.2881609216516,0.00184162062615101,0.288547408380114,0.288547408380114,0.288547408380113,3,-0.0502804854515947,0.460881910237133,-0.347775659786178,-0.377906965472095,-0.0958338048512075,,,,,,,,
"CDKN2A","CDKN2A",-0.258599374995325,222,FALSE,105.481111620029,0.00202839756592292,0.495813209357434,0.495813209357435,0.495813209357434,3,-0.409949415388701,0.830575808757518,-0.318232324782598,-0.0302807301227239,-0.258599374995325,2.7539268544038e-25,8.23424129466737e-23,"urinary bladder cancer; bladder carcinoma",0.495813209357435,71,4,FALSE,0.00494909852868859
"CHUK","CHUK",-0.660096580188114,122,FALSE,28.8195199627869,0.00184162062615101,0.275525562441855,0.275525562441855,0.275525562441854,3,-0.0625457958610158,-0.446816861052632,0.219037629634701,0.30757301128902,-0.660096580188114,,,,,,,,
"CREB1","CREB1",-0.234656608631951,176,FALSE,64.3403927525432,0.00193798449612403,0.407786408148844,0.407786408148844,0.407786408148843,3,0.221154755117831,-0.778932381031658,0.287236025734213,-0.163234209775072,-0.234656608631951,4.84224970169638e-19,1.44783266080722e-16,"Not annotated",0.407786408148844,93,4,FALSE,0.00153617709028831
"CRK","CRK",-0.5738260125952,168,FALSE,69.0344163597816,0.00192307692307692,0.340530145898155,0.340530145898155,0.340530145898155,2,0.054629338725682,-0.186155765568607,0.296710909356617,-0.137330160270354,-0.5738260125952,,,,,,,,
"CRKL","CRKL",0.255345957032022,166,FALSE,52.6928888316056,0.00191938579654511,0.345475261402916,0.345475261402915,0.345475261402915,2,-0.0669125336436682,-0.464002069470146,0.3641883621379,0.0180483301622748,0.255345957032022,,,,,,,,
"CSF1","CSF1",0.0764931312574488,152,FALSE,45.984988686656,0.00189393939393939,0.341414727063614,0.341414727063615,0.341414727063614,1,0.221298440557915,-0.280403590904638,-0.61698230258249,0.639623200672105,0.0764931312574488,3.90802465017527e-34,1.16849937040241e-31,"bladder disease",0.341414727063615,34,1,FALSE,0.00444604383719857
"CSF2","CSF2",-0.249964667927997,212,FALSE,80.5404444929576,0.00200803212851406,0.476609456920207,0.476609456920208,0.476609456920207,1,0.168760190438373,0.0863993388298973,-0.410519856223323,0.755041607287187,-0.249964667927997,1.30539006348657e-20,3.90311628982484e-18,"bladder disease",0.476609456920208,85,1,FALSE,0.00274415578819816
"CSF3","CSF3",-0.372360207996942,144,FALSE,25.0967724264301,0.0018796992481203,0.316318170201738,0.316318170201738,0.316318170201738,1,0.0941531265764767,-0.15785303942644,-0.398480650356869,0.8209799872314,-0.372360207996942,6.21556182491425e-28,1.85845298564936e-25,"bladder disease",0.316318170201738,55,1,FALSE,0.00132855881913163
"CSK","CSK",-0.0120582069961017,138,FALSE,41.8606196376886,0.00186915887850467,0.300840762765938,0.300840762765938,0.300840762765938,2,0.181658372776797,-0.105814566808242,-0.304931913419887,-0.0644937455545938,-0.0120582069961017,,,,,,,,
"CTNNA1","CTNNA1",-0.112732938169447,88,FALSE,22.0996555943047,0.0017825311942959,0.173360279004241,0.173360279004241,0.17336027900424,2,0.432650132226924,-0.426709047697211,0.404393270351803,-0.140183676404534,-0.112732938169447,,,,,,,,
"CTNNB1","CTNNB1",0.0318754499051705,446,FALSE,831.194124143341,0.0026246719160105,0.832464453964678,0.832464453964681,0.83246445396468,3,-0.140147634328461,-0.542104064757568,0.487580775008205,-0.37946736944354,0.0318754499051705,2.88488706739128e-24,8.62581233149994e-22,"urinary bladder cancer",0.832464453964681,76,4,FALSE,0.0061663952724813
"CTNND1","CTNND1",0.0533302613007993,88,FALSE,17.7257254602291,0.00178571428571429,0.187073578978943,0.187073578978943,0.187073578978943,2,0.254724956501808,-0.477285156202424,0.590659063622116,-0.104446351203508,0.0533302613007993,6.13203098683674e-29,1.83347726506419e-26,"Not annotated",0.187073578978943,47,3,TRUE,0.00230730658158802
"CTTN","CTTN",-0.0319808427093733,96,FALSE,21.4194832493548,0.00179856115107914,0.198398180330351,0.198398180330351,0.198398180330351,2,0.395010786277779,-0.498435201474541,0.55666262357635,-0.223467055724213,-0.0319808427093733,1.21542491174191e-26,3.63412048610832e-24,"Not annotated",0.198398180330351,63,3,TRUE,0.00129255846435922
"CXCL12","CXCL12",0.496138412281092,230,FALSE,130.456579638505,0.00204498977505112,0.511991044426874,0.511991044426875,0.511991044426874,1,-0.336986191789793,-0.0544814542521488,-0.502121922195032,0.238152092194377,0.496138412281092,,,,,,,,
"CXCL8","CXCL8",-0.555532024785957,248,FALSE,150.561747582414,0.00208333333333333,0.53161652022052,0.531616520220521,0.53161652022052,1,0.575665222751547,0.092725749716972,-0.554242221137224,1.00864278697797,-0.555532024785957,7.40558063888591e-43,2.21426861102689e-40,"urinary bladder cancer; bladder carcinoma",0.531616520220521,16,1,FALSE,0.00287330972338396
"CXCR4","CXCR4",0.231975097299844,234,FALSE,144.070941453009,0.00205338809034908,0.513683294860699,0.5136832948607,0.513683294860699,1,0.0694672564195905,0.0158956967399103,-0.683432957188029,0.449685175247837,0.231975097299844,6.11976861745561e-36,1.82981081661923e-33,"urinary bladder cancer; bladder carcinoma",0.5136832948607,30,1,FALSE,0.002883694713507
"CYCS","CYCS",-0.0360135032150241,140,FALSE,36.1835066579583,0.00187265917602996,0.318071986907625,0.318071986907625,0.318071986907625,3,0.150142190077491,-0.0131480230658684,0.0786071797519206,0.571879609235834,-0.0360135032150241,,,,,,,,
"DLG4","DLG4",0.146257976184682,88,FALSE,14.4402686696207,0.00178571428571429,0.205664042048772,0.205664042048772,0.205664042048771,2,-0.0899141811855694,-0.132454491153211,-0.172510937701145,-0.0241338095404225,0.146257976184682,,,,,,,,
"DNM2","DNM2",0.0715976218247899,70,FALSE,16.1071947985861,0.00175746924428822,0.139321725292537,0.139321725292537,0.139321725292537,2,0.073538898891238,-0.200102125772348,0.759706711677552,-0.972331041236642,0.0715976218247899,5.57945321077345e-57,1.66825651002126e-54,"Not annotated",0.139321725292537,3,3,TRUE,0.00218836352807487
"EDN1","EDN1",0.355746040313897,124,FALSE,27.9604586342873,0.0018450184501845,0.295448529221379,0.295448529221379,0.295448529221379,4,-0.238620596185193,0.147309991838358,-0.411020639206454,0.516652094599843,0.355746040313897,,,,,,,,
"EGF","EGF",-0.32176969406616,436,FALSE,790.400986479762,0.00259067357512953,0.837184090596542,0.837184090596542,0.837184090596541,4,-0.0786134820208123,0.198522089284873,-0.27349294403321,0.513217891502521,-0.32176969406616,,,,,,,,
"EGFR","EGFR",-0.0293286878133592,570,TRUE,1750.78609239697,0.00313479623824451,1,1,1,4,-0.036828638238156,-0.110255493394989,-0.0210889908310679,0.937293941986474,-0.0293286878133592,6.86495934781198e-11,2.05262284499578e-08,"Seed",1,118,,,
"EP300","EP300",0.193149901155558,196,FALSE,113.428061483096,0.00197628458498024,0.394225913090742,0.394225913090742,0.394225913090742,3,0.0834361861093902,-0.546217615765503,0.366973412275017,-0.443188383467227,0.193149901155558,,,,,,,,
"EPCAM","EPCAM",0.196274383751193,88,FALSE,6.55771058841766,0.00178571428571429,0.222929729326285,0.222929729326285,0.222929729326284,4,-0.130243942748519,0.799505945025307,-0.0482154303091333,-0.338677835404734,0.196274383751193,1.6635480345222e-30,4.97400862322139e-28,"Not annotated",0.222929729326285,44,5,FALSE,0.00421054835818972
"EPHA2","EPHA2",-0.636974186070886,134,FALSE,38.9204071615214,0.00186219739292365,0.287879034317897,0.287879034317897,0.287879034317896,2,0.549199435637814,-0.349661755517541,0.233996474053672,0.553504712771056,-0.636974186070886,6.85270303427706e-17,2.04895820724884e-14,"urinary bladder cancer; bladder carcinoma",0.287879034317897,101,2,TRUE,0.0027474777737701
"EPO","EPO",0.257183012502293,148,FALSE,36.5335084402771,0.00188679245283019,0.343280965645062,0.343280965645062,0.343280965645062,1,-0.154592933779364,0.280987725611153,-0.145932494076195,-0.138725816120195,0.257183012502293,,,,,,,,
"EPOR","EPOR",-0.0246095467454418,126,FALSE,26.4889078707749,0.00184842883548983,0.284950964028065,0.284950964028065,0.284950964028065,1,-0.301213714182875,0.212774768002939,-0.251829339980719,0.000146867377029613,-0.0246095467454418,,,,,,,,
"EPS15","EPS15",0.0671562231167215,62,FALSE,12.3592312894642,0.00174520069808028,0.112267431646225,0.112267431646225,0.112267431646225,2,-0.0523114677279804,0.0137732897471809,0.105153276411001,-0.498974571735528,0.0671562231167215,,,,,,,,
"ERBB2","ERBB2",0.0848442101516199,390,TRUE,580.049939169353,0.00244498777506112,0.766330324668759,0.76633032466876,0.766330324668759,2,0.171154431401748,0.694012837265364,0.215034666232539,-0.832572816484906,0.0848442101516199,7.46636059351324e-29,2.23244181746046e-26,"Seed",0.76633032466876,49,,,
"ERBB3","ERBB3",0.249944717910352,212,TRUE,101.606944758954,0.00200803212851406,0.459861303706219,0.459861303706219,0.459861303706219,2,0.181381491443339,0.560054887668835,0.318615839790529,-0.676441878840901,0.249944717910352,4.18802112032477e-31,1.25221831497711e-28,"Seed",0.459861303706219,43,,,
"ERBB4","ERBB4",0.36398646722504,204,FALSE,106.080938627061,0.00199203187250996,0.430702855036537,0.430702855036536,0.430702855036536,2,-0.11824505127537,0.326443994948484,0.0539254672012176,-0.433765275679173,0.36398646722504,,,,,,,,
"EREG","EREG",-0.420319377427017,108,FALSE,16.4577745325733,0.00181818181818182,0.240430844295741,0.240430844295742,0.240430844295741,2,-0.184799238748175,0.308662005880851,-0.441860842805874,1.14171740694666,-0.420319377427017,1.03666836914763e-36,3.09963842375141e-34,"Not annotated",0.240430844295742,26,2,TRUE,0.0044753392977925
"ESR1","ESR1",0.370857225125282,290,FALSE,266.432662390536,0.00217864923747277,0.59534105922794,0.595341059227941,0.59534105922794,3,-0.20423475359027,0.278173699622816,-0.374560476674566,0.551714547973815,0.370857225125282,,,,,,,,
"EZH2","EZH2",-0.342518120470145,124,FALSE,27.9437747131923,0.0018450184501845,0.269368112887162,0.269368112887163,0.269368112887162,3,-0.333103955182357,0.945874389949563,-0.506704839129866,0.451447749978977,-0.342518120470145,1.12514511509703e-52,3.36418389414012e-50,"urinary bladder cancer; bladder carcinoma",0.269368112887163,6,4,FALSE,0.00242699575765241
"EZR","EZR",-0.351572383360409,94,FALSE,24.9218391693317,0.00179533213644524,0.194004274164776,0.194004274164776,0.194004274164776,4,0.289499967123946,-0.147890521135024,0.518395963228588,-0.344263642184893,-0.351572383360409,,,,,,,,
"FAS","FAS",-0.399657968789604,112,FALSE,23.3918846569139,0.00182481751824818,0.252005867017086,0.252005867017087,0.252005867017086,1,0.0115039529708831,-0.393154539247131,-0.238385766131997,0.696407936693214,-0.399657968789604,1.56644455185144e-13,4.6836692100358e-11,"urinary bladder cancer",0.252005867017087,110,1,FALSE,0.00120312395947098
"FBXW7","FBXW7",-0.141357442389337,108,FALSE,24.4851190830535,0.00181818181818182,0.231323813543908,0.231323813543908,0.231323813543908,3,-0.181106767042397,-0.15812097527692,-0.143153196766505,0.0645736363674572,-0.141357442389337,,,,,,,,
"FGF1","FGF1",0.140015473113208,140,FALSE,30.6743671774376,0.00187265917602996,0.317492489636315,0.317492489636315,0.317492489636315,2,-0.200257918975466,-0.00270048847349907,-0.31491610166886,0.56753502842205,0.140015473113208,,,,,,,,
"FGF10","FGF10",0.430373949993653,114,FALSE,16.3181780017861,0.00182815356489945,0.260119029381774,0.260119029381773,0.260119029381773,2,-0.326420698639,-0.191837740677485,-0.405341444084039,0.101102302980338,0.430373949993653,,,,,,,,
"FGF13","FGF13",0.00236345433517728,142,FALSE,32.4577993900578,0.00187617260787992,0.322879189826478,0.322879189826479,0.322879189826478,4,-0.285032024106254,-0.278860270673527,-0.251061881092882,-0.0298162120852196,0.00236345433517728,,,,,,,,
"FGF19","FGF19",-0.137671322043864,128,FALSE,19.0808822104263,0.00185185185185185,0.296897772753482,0.296897772753482,0.296897772753481,2,-0.130374095913435,0.0063729977764194,-0.0887554624694787,0.365462412568785,-0.137671322043864,,,,,,,,
"FGF2","FGF2",0.48803900403696,310,FALSE,270.207764175635,0.0022271714922049,0.644417104409526,0.644417104409527,0.644417104409526,4,-0.313356390333821,-0.28460981069366,-0.509163954820858,0.360664905167441,0.48803900403696,,,,,,,,
"FGF23","FGF23",0.167553141055209,118,FALSE,19.0858759504857,0.0018348623853211,0.266817097199545,0.266817097199545,0.266817097199545,2,-0.072923857624841,-0.0624160736852298,-0.120675859490739,-0.0595012280393103,0.167553141055209,,,,,,,,
"FGF3","FGF3",-0.0515750456266111,130,FALSE,21.5993264407277,0.00185528756957328,0.301028355031298,0.301028355031298,0.301028355031298,2,-0.0656255818865719,-0.0866713999092772,-0.0558035891135833,-0.0236153726148019,-0.0515750456266111,,,,,,,,
"FGF4","FGF4",-0.0945983129949534,136,FALSE,27.6531554409204,0.00186567164179104,0.305334801773425,0.305334801773425,0.305334801773424,2,0.0208008173952283,0.025172257917687,-0.0169254186294333,-0.0309084045928102,-0.0945983129949534,,,,,,,,
"FGF7","FGF7",0.425364025710621,164,FALSE,46.5853896315687,0.00191570881226054,0.3711842902983,0.3711842902983,0.3711842902983,2,-0.346199431270649,-0.167894989497014,-0.52695664695154,0.353735146686524,0.425364025710621,,,,,,,,
"FGF8","FGF8",0.218665353992996,138,FALSE,29.2716383798587,0.00186915887850467,0.304347038013627,0.304347038013627,0.304347038013627,2,-0.0492384215226378,0.00708218216712953,-0.0500688450715195,-0.0572701674208335,0.218665353992996,,,,,,,,
"FGFR1","FGFR1",0.727077125141016,194,FALSE,89.264451816554,0.0019723865877712,0.402644690510608,0.402644690510608,0.402644690510608,2,-0.287261722926173,-0.0611061790773776,-0.542115720437573,0.00647050893499152,0.727077125141016,1.35247811175017e-17,4.043909554133e-15,"Not annotated",0.402644690510608,99,2,TRUE,0.00438814925023551
"FGFR2","FGFR2",0.408422363741311,192,FALSE,87.4238632173677,0.00196850393700787,0.402208269490976,0.402208269490977,0.402208269490976,2,-0.0663059861716447,-0.1520407327404,0.126495144954433,-0.0018837411439549,0.408422363741311,,,,,,,,
"FGFR3","FGFR3",0.162745486928711,172,FALSE,70.9022830851557,0.00193050193050193,0.359595765695521,0.359595765695521,0.359595765695521,2,0.448075157712112,-0.637285490195931,0.641993953326258,-0.328982652320248,0.162745486928711,6.34564224389833e-40,1.8973470309256e-37,"urinary bladder cancer; bladder carcinoma",0.359595765695521,20,2,TRUE,0.00223229840474311
"FGFR4","FGFR4",0.676757521294621,128,FALSE,28.0635766047688,0.00185185185185185,0.271059553012798,0.271059553012798,0.271059553012798,2,-0.26947843036172,0.0350838070780866,-0.351237821703908,-0.11255829307625,0.676757521294621,7.61240951076002e-09,2.27611044371725e-06,"Not annotated",0.271059553012798,120,2,TRUE,0.00198475738708896
"FGR","FGR",-0.219403290632901,90,FALSE,17.5372888229885,0.00178890876565295,0.18194864105376,0.18194864105376,0.181948641053759,2,0.387214664798856,-0.584550933934134,-0.0838843643803507,0.124398801387331,-0.219403290632901,,,,,,,,
"FLNA","FLNA",0.551778973798219,98,FALSE,29.7005340517409,0.0018018018018018,0.195135417662757,0.195135417662757,0.195135417662757,3,-0.174300985508949,-0.370069491139891,-0.412213201938891,0.526718273482808,0.551778973798219,,,,,,,,
"FLT1","FLT1",0.21836886459769,172,FALSE,55.0753383780564,0.00193050193050193,0.387520968237718,0.387520968237718,0.387520968237718,2,0.0635517726779626,-0.00817274697016396,-0.0402444963220442,-0.285841479410307,0.21836886459769,,,,,,,,
"FLT3LG","FLT3LG",0.117655445889602,124,FALSE,35.5916769956418,0.0018450184501845,0.262603954962462,0.262603954962462,0.262603954962461,2,0.232584924567727,-0.25860401001998,-0.413654811198763,0.409844443111924,0.117655445889602,,,,,,,,
"FLT4","FLT4",0.298506264325872,126,FALSE,23.2381581942896,0.00184842883548983,0.269519586294986,0.269519586294986,0.269519586294985,2,-0.200265525900397,0.131072864456875,-0.355847426024717,-0.216382615391281,0.298506264325872,,,,,,,,
"FN1","FN1",0.259474594874806,348,FALSE,432.007464524502,0.00232558139534884,0.688137907020088,0.688137907020088,0.688137907020087,4,-0.405486812472549,0.126542413572905,-0.552996768003432,0.68117097634643,0.259474594874806,5.40710438122637e-27,1.61672420998669e-24,"urinary bladder cancer",0.688137907020088,60,5,FALSE,0.00562136887093224
"FOS","FOS",-0.0994106762953591,222,FALSE,127.938335465245,0.00202839756592292,0.490971099791094,0.490971099791095,0.490971099791094,3,0.168210759544273,-0.441042965469052,0.00911511840771408,0.187355648202756,-0.0994106762953591,,,,,,,,
"FOXO1","FOXO1",-0.284546183844877,152,FALSE,56.8459453292017,0.00189393939393939,0.329326386420305,0.329326386420306,0.329326386420305,3,-0.200142213366578,-0.675588401379074,0.467412738679037,-0.436277803550094,-0.284546183844877,8.34544310988149e-29,2.49528748985456e-26,"Not annotated",0.329326386420306,53,4,FALSE,0.00147447982408075
"FOXO3","FOXO3",-0.359886933554364,160,FALSE,50.2038903355509,0.00190839694656489,0.359052863920461,0.359052863920462,0.359052863920461,3,0.132786572097015,-0.325985039518297,-0.10527724625797,0.128734753607831,-0.359886933554364,,,,,,,,
"FOXP3","FOXP3",0.334784666621973,170,FALSE,61.2920504420145,0.00192307692307692,0.353979853614505,0.353979853614505,0.353979853614505,1,0.134508087407464,0.0812425369281344,-0.602189512998304,0.365723535413994,0.334784666621973,,,,,,,,
"FYN","FYN",0.345218896779522,230,FALSE,143.639490547792,0.00204498977505112,0.474343128981965,0.474343128981964,0.474343128981964,2,-0.0330924035011364,-0.193122696095715,-0.492677744048138,0.266787193487124,0.345218896779522,,,,,,,,
"GAB1","GAB1",0.172245399459149,158,FALSE,45.5375670118479,0.0019047619047619,0.33309740506792,0.33309740506792,0.33309740506792,2,-0.20377798914954,-0.0796809437414056,-0.0996505564182755,0.160433259381581,0.172245399459149,,,,,,,,
"GAB2","GAB2",0.120960445491281,134,FALSE,31.0060279221561,0.00186219739292365,0.292960327997873,0.292960327997873,0.292960327997872,2,-0.466655102808643,0.566488862385934,-0.320608457955014,-0.454582290254066,0.120960445491281,1.453945260546e-19,4.34729632903254e-17,"Not annotated",0.292960327997873,91,2,TRUE,0.00145812654343395
"GAPDH","GAPDH",-0.0611776277497596,408,FALSE,613.112103461165,0.0025,0.789491201702394,0.789491201702395,0.789491201702394,3,0.339559448057502,-0.359513561330546,0.304045847716101,0.179040670364644,-0.0611776277497596,,,,,,,,
"GATA3","GATA3",0.237470429028362,116,FALSE,30.2982122552393,0.00183150183150183,0.254986955954393,0.254986955954393,0.254986955954393,1,0.224888124366645,0.296156307553683,0.493262475755718,-1.01738506168758,0.237470429028362,1.39549929204732e-44,4.17254288322149e-42,"Not annotated",0.254986955954393,14,1,FALSE,0.00155048002764259
"GFAP","GFAP",-0.0553953827299749,114,FALSE,27.3041087472802,0.00182815356489945,0.253747546592098,0.253747546592098,0.253747546592098,4,-0.0170425221360101,-0.0321446691548561,-0.0566823483305753,-0.0796768367566549,-0.0553953827299749,,,,,,,,
"GNA11","GNA11",-0.117063647823761,88,FALSE,14.8506998490163,0.00178571428571429,0.194422875976727,0.194422875976727,0.194422875976727,2,-0.101537408728003,0.32016147440321,-0.0172866375734941,-0.620949167005843,-0.117063647823761,,,,,,,,
"GNAQ","GNAQ",-0.140237325504585,106,FALSE,25.7066445053438,0.00181488203266788,0.228399507258956,0.228399507258956,0.228399507258956,2,-0.35540301381186,0.309957916241379,-0.202474325303772,-0.0808378316995089,-0.140237325504585,,,,,,,,
"GRB2","GRB2",-0.01519870608658,342,FALSE,419.116287800403,0.0023094688221709,0.662104773776484,0.662104773776484,0.662104773776483,2,-0.0850703811592291,0.262519712550965,-0.33399218148515,-0.168927888466537,-0.01519870608658,,,,,,,,
"H2AX","H2AX",,80,FALSE,7.72729441856253,0.00176991150442478,0.170261927026252,0.170261927026252,0.170261927026252,3,,,,,,,,,,,,,
"HBEGF","HBEGF",-0.237709113542283,134,FALSE,43.9224873086216,0.00186219739292365,0.315151748388752,0.315151748388753,0.315151748388752,2,0.34767702384391,-0.159823411377124,-0.410923986701168,1.09234070667669,-0.237709113542283,6.24188484246658e-32,1.86632356789751e-29,"bladder disease",0.315151748388753,40,2,TRUE,0.00454512634760147
"HDAC1","HDAC1",-0.415720141196993,134,FALSE,36.4352844843562,0.00186219739292365,0.27131083512412,0.27131083512412,0.27131083512412,3,0.260833867058378,-0.149248487550063,0.391552800913953,-0.154491708246106,-0.415720141196993,,,,,,,,
"HGF","HGF",0.0988249671971077,278,FALSE,217.241756667239,0.0021505376344086,0.592750900437448,0.592750900437448,0.592750900437447,2,-0.199217723561763,-0.0524893131872923,-0.586036126879756,0.371704428162952,0.0988249671971077,,,,,,,,
"HGS","HGS",-0.121870562525258,52,FALSE,4.52911733571046,0.00173010380622837,0.112244129074433,0.112244129074433,0.112244129074433,2,0.165956905562716,0.222180709447936,0.165349571341677,-0.421909393217068,-0.121870562525258,,,,,,,,
"HIF1A","HIF1A",-0.47764363228178,296,FALSE,252.732083233716,0.00219298245614035,0.613476332074659,0.61347633207466,0.613476332074659,3,0.255216213362394,-0.83044219278898,0.110952083802164,0.751876225764521,-0.47764363228178,1.73962558350847e-27,5.20148049469033e-25,"bladder disease",0.61347633207466,59,4,FALSE,0.00325499989409579
"HNF4A","HNF4A",-0.140646326760461,108,FALSE,17.6405932107321,0.00181818181818182,0.24784919891436,0.247849198914361,0.24784919891436,4,-0.0199041870481001,0.160933806515153,-0.0855431242609304,-0.147188713309757,-0.140646326760461,,,,,,,,
"HPGDS","HPGDS",0.438126112267771,120,FALSE,32.5504577007802,0.00183823529411765,0.285324542554191,0.285324542554191,0.285324542554191,3,-0.0909564954073243,-0.190647132058335,-0.515008119544735,0.280795462512365,0.438126112267771,,,,,,,,
"HRAS","HRAS",-0.216761037066897,428,FALSE,674.412565058583,0.00256410256410256,0.826237079219084,0.826237079219085,0.826237079219083,2,-0.0889726364499272,0.00671822500855311,-0.0303483785471318,0.649861916590423,-0.216761037066897,,,,,,,,
"HSP90AA1","HSP90AA1",-0.39952861228655,314,FALSE,318.594316356711,0.00223713646532438,0.630501968672967,0.630501968672968,0.630501968672967,3,0.193345186809451,-0.0405783543061399,0.458252392632902,-0.239942148674812,-0.39952861228655,,,,,,,,
"HSP90AB1","HSP90AB1",0.317927968742451,126,FALSE,39.5045569574745,0.00184842883548983,0.267110165074369,0.267110165074369,0.267110165074369,3,-0.0597840833102033,-0.258635675034287,0.540629379760309,-0.331288240323674,0.317927968742451,,,,,,,,
"HSPA4","HSPA4",0.0533444615364163,166,FALSE,64.8312085921165,0.00191938579654511,0.354264191731582,0.354264191731582,0.354264191731582,3,0.158619111158408,-0.63033334917219,0.589461421931034,-0.136498767062198,0.0533444615364163,7.56253625354313e-29,2.26119833980939e-26,"Not annotated",0.354264191731582,50,4,FALSE,0.00256786454451179
"HSPA5","HSPA5",-0.628093192928366,98,FALSE,13.5039112779204,0.0018018018018018,0.240544804756689,0.240544804756689,0.240544804756688,3,-0.14641165983072,0.118971509251726,-0.273495484732762,0.754807809068878,-0.628093192928366,3.65856546394696e-14,1.09391107372014e-11,"Not annotated",0.240544804756689,107,4,FALSE,0.00118856155087502
"HSPA8","HSPA8",-0.379495795164037,126,FALSE,44.500904403994,0.00184842883548983,0.254795979733158,0.254795979733158,0.254795979733158,3,0.210514386054597,-0.305635092867986,0.298948676514048,0.0686529921858618,-0.379495795164037,,,,,,,,
"ICAM1","ICAM1",-0.0933837274605049,204,FALSE,90.1663014664543,0.00199203187250996,0.450318487146672,0.450318487146673,0.450318487146672,1,0.275592775524609,0.217216641643683,-0.740475333109364,0.801711555001904,-0.0933837274605049,8.34336138426916e-49,2.49466505389648e-46,"urinary bladder cancer",0.450318487146673,11,1,FALSE,0.00161197938931716
"IFNA1","IFNA1",,130,FALSE,18.2832037406726,0.00185528756957328,0.286967819565937,0.286967819565937,0.286967819565937,1,,,,,,,,,,,,,
"IFNB1","IFNB1",,130,FALSE,31.7639482078862,0.00185528756957328,0.268212660869866,0.268212660869867,0.268212660869866,1,,,,,,,,,,,,,
"IFNG","IFNG",-0.199996957783492,188,FALSE,59.417896131747,0.00196078431372549,0.412122807094021,0.412122807094022,0.412122807094021,1,0.0856125859325828,0.174354848341813,-0.492625370097335,0.77245425799467,-0.199996957783492,1.64453136051647e-23,4.91714876794425e-21,"urinary bladder cancer",0.412122807094022,78,1,FALSE,0.00149952434508807
"IGF1","IGF1",0.332889242948771,310,FALSE,271.052410227688,0.0022271714922049,0.650570088190364,0.650570088190365,0.650570088190364,4,-0.0959042704621111,-0.109332934523047,-0.591632017408051,0.292186029208951,0.332889242948771,,,,,,,,
"IGF2","IGF2",0.0489589152983202,120,FALSE,23.9951998850618,0.00183823529411765,0.28954581146343,0.28954581146343,0.28954581146343,2,0.00221128831827837,-0.402779332363942,0.336928120406953,-0.234183957188681,0.0489589152983202,,,,,,,,
"IKBKG","IKBKG",-0.432862271837616,100,FALSE,23.9237352191545,0.00180505415162455,0.21134538752966,0.21134538752966,0.21134538752966,3,-0.0663883171353441,0.0955907110698325,-0.203568653856873,0.29266617975506,-0.432862271837616,,,,,,,,
"IL10","IL10",-0.405964713326419,226,FALSE,106.732690128651,0.00203665987780041,0.478742487832847,0.478742487832848,0.478742487832847,1,0.111485077935175,0.0239027087169842,-0.578308141356689,0.70036567900152,-0.405964713326419,1.28903327285993e-33,3.8542094858512e-31,"Not annotated",0.478742487832848,36,1,FALSE,0.00165955906765345
"IL13","IL13",-0.130438605372214,146,FALSE,33.7616159990285,0.00188323917137476,0.31192679836747,0.311926798367471,0.31192679836747,1,-0.140640135313359,0.00309601393438068,-0.168131228679177,0.413644382293071,-0.130438605372214,,,,,,,,
"IL15","IL15",-0.295387559080939,124,FALSE,17.596398895802,0.0018450184501845,0.263712522814132,0.263712522814132,0.263712522814132,1,0.178321004909234,-0.178588713271043,-0.461121768666763,0.862730501828101,-0.295387559080939,1.88081257562142e-24,5.62362960110805e-22,"Not annotated",0.263712522814132,75,1,FALSE,0.00123570986068391
"IL1A","IL1A",-0.0393850877351275,126,FALSE,15.8904560481407,0.00184842883548983,0.291925402718566,0.291925402718567,0.291925402718566,1,0.00644878999405034,-0.179064723155841,0.276555203392032,0.44202459939182,-0.0393850877351275,,,,,,,,
"IL1B","IL1B",0.135533009672104,278,FALSE,186.215525437108,0.0021505376344086,0.592990175150189,0.592990175150191,0.592990175150189,1,0.216612856832685,0.075059531977961,-0.463929810257765,0.724011130590653,0.135533009672104,8.62266230039152e-21,2.57817602781707e-18,"urinary bladder cancer; bladder disease",0.592990175150191,83,1,FALSE,0.0029883622310818
"IL2","IL2",0.239483140520656,254,FALSE,132.861503772367,0.00209643605870021,0.558225208064701,0.558225208064702,0.558225208064701,1,-0.153659421510371,-0.17855563753204,-0.264317731233228,0.131546526296585,0.239483140520656,,,,,,,,
"IL3","IL3",0.282458932504994,152,FALSE,35.4144625636453,0.00189393939393939,0.345694823184107,0.345694823184107,0.345694823184107,1,-0.0686523718909015,0.00610940623392807,-0.104730631443818,0.0588547530128181,0.282458932504994,,,,,,,,
"IL4","IL4",-0.204141741800364,214,FALSE,81.0688370548325,0.00201207243460765,0.469020540832996,0.469020540832996,0.469020540832996,1,-0.00293346958762379,-0.109234967072168,-0.186419239112215,0.105886413341402,-0.204141741800364,,,,,,,,
"IL5","IL5",-0.0752131783873217,144,FALSE,34.3938433835677,0.0018796992481203,0.306244301530016,0.306244301530016,0.306244301530016,1,-0.022733893706107,-0.102445547817026,-0.109494572173511,0.396659961013145,-0.0752131783873217,,,,,,,,
"IL6","IL6",-0.137462120784465,356,FALSE,405.698393051572,0.00234741784037559,0.720830063937755,0.720830063937756,0.720830063937755,1,-0.0544382840628011,-0.0146278759743958,-0.54384957768254,0.818487997223523,-0.137462120784465,4.56241705033908e-36,1.36416269805138e-33,"bladder disease",0.720830063937756,29,1,FALSE,0.003506494719805
"IL6R","IL6R",0.103009942486178,110,FALSE,18.9851113256744,0.00182149362477231,0.240508602343359,0.24050860234336,0.240508602343359,1,0.0307355384997913,-0.28261680116675,-0.350189826915691,0.476121508113389,0.103009942486178,,,,,,,,
"IL6ST","IL6ST",0.0815217204613045,90,FALSE,12.1130097887457,0.00178571428571429,0.188906475053202,0.188906475053202,0.188906475053202,1,0.0183735614320558,-0.39733121572486,-0.202967704429382,0.19211027818972,0.0815217204613045,,,,,,,,
"IL7","IL7",-0.170618590648421,140,FALSE,28.0784063391366,0.00187265917602996,0.298337960938391,0.298337960938392,0.298337960938391,1,0.276355974267698,-0.658587158888363,0.0291614761758961,0.380805892496534,-0.170618590648421,1.65534669047659e-13,4.949486604525e-11,"Not annotated",0.298337960938392,111,1,FALSE,0.00132199481477038
"INS","INS",-0.113039155613641,362,FALSE,426.980968782365,0.00236406619385343,0.736716179042461,0.736716179042462,0.736716179042461,4,-0.0946959549628891,0.132040320142607,0.00868401155044353,-0.0207837310492895,-0.113039155613641,,,,,,,,
"INSR","INSR",0.122217863919648,130,FALSE,37.8344369581873,0.00185528756957328,0.268727293662095,0.268727293662095,0.268727293662094,2,0.363570571147848,0.161111070156567,-0.0390707576655965,-0.553908521472026,0.122217863919648,,,,,,,,
"IQGAP1","IQGAP1",-0.200903106605807,98,FALSE,19.7238800874856,0.0018018018018018,0.214028106565152,0.214028106565152,0.214028106565151,2,0.0028430261672758,-0.463257266193888,0.325976771191241,-0.122153771981011,-0.200903106605807,,,,,,,,
"IRS1","IRS1",-0.0173306256931448,246,FALSE,151.164374806253,0.00207900207900208,0.531778328007826,0.531778328007827,0.531778328007826,2,0.332334232611396,-1.18165705673636,0.669618983801456,-0.166781190472278,-0.0173306256931448,2.32394638122233e-72,6.94859967985477e-70,"Not annotated",0.531778328007827,2,2,TRUE,0.00513683226496421
"IRS2","IRS2",0.341300781590805,156,FALSE,57.099870301811,0.00190114068441065,0.323191508954339,0.323191508954339,0.323191508954339,2,-0.441400352375441,0.0575484054612241,-0.0728937132588061,-0.26488138414199,0.341300781590805,,,,,,,,
"ITGB1","ITGB1",-0.453373511861904,214,FALSE,121.354771219398,0.00201207243460765,0.4633338512559,0.4633338512559,0.4633338512559,4,-0.285705669898748,-0.141169067692211,-0.0471715655767925,0.498617691560441,-0.453373511861904,,,,,,,,
"ITGB2","ITGB2",0.254122353868057,94,FALSE,19.9630665452389,0.00179533213644524,0.191867244637,0.191867244637001,0.191867244637,2,0.211144940404462,-0.0734929142194637,-0.678519941770458,0.584417204642099,0.254122353868057,4.51425579231101e-38,1.34976248190099e-35,"Not annotated",0.191867244637001,22,3,TRUE,0.00117528001287463
"ITGB3","ITGB3",0.284869058710756,168,FALSE,68.175021384095,0.00192307692307692,0.368842766423734,0.368842766423734,0.368842766423734,2,-0.218562337447177,-0.0409510746743037,-0.555583851983776,0.306951858695178,0.284869058710756,,,,,,,,
"JAK1","JAK1",0.011394476940317,208,FALSE,94.1817094306096,0.002,0.454646941622049,0.45464694162205,0.454646941622049,1,0.10950768780539,-0.603146920932792,0.219946380234661,-0.216897473272633,0.011394476940317,,,,,,,,
"JAK2","JAK2",-0.47086822506493,280,FALSE,209.218448943619,0.0021551724137931,0.597337794884637,0.597337794884638,0.597337794884637,1,0.244188118422962,-0.555892768980609,-0.168301645684861,0.546042090560464,-0.47086822506493,5.83213342650372e-14,1.74380789452461e-11,"Not annotated",0.597337794884638,108,1,FALSE,0.00513720636488068
"JAK3","JAK3",0.00350190092231943,162,FALSE,57.6822574500885,0.00191204588910134,0.351125295910765,0.351125295910766,0.351125295910766,1,-0.00588230073244499,-0.0669662981475709,-0.199955506126258,0.146801773305798,0.00350190092231943,,,,,,,,
"JUN","JUN",0.13482630598853,346,FALSE,389.638781128728,0.00232018561484919,0.697477669503499,0.6974776695035,0.697477669503499,3,-0.125762757203552,-0.0943704679354834,-0.406789347903483,0.584072705582684,0.13482630598853,,,,,,,,
"KDR","KDR",0.190313592344826,274,FALSE,230.366053014977,0.00214132762312634,0.56516416972148,0.565164169721481,0.56516416972148,2,-0.106025657463818,0.02878186832073,-0.234724069598157,-0.254544933519628,0.190313592344826,,,,,,,,
"KIT","KIT",0.481212591411218,286,FALSE,246.635677376919,0.00216919739696312,0.588239990477547,0.588239990477548,0.588239990477547,2,0.0512392058761906,-0.421890129089563,0.0411982018786292,-0.468233949097082,0.481212591411218,,,,,,,,
"KRAS","KRAS",-0.217127724170431,374,FALSE,474.172944626873,0.00239808153477218,0.7351108505937,0.735110850593701,0.7351108505937,2,0.0984676350344769,0.0154668842608283,0.0708746700182683,0.0348260498144661,-0.217127724170431,,,,,,,,
"LCK","LCK",0.313188847718664,216,FALSE,129.610144500253,0.00201612903225806,0.443857715388509,0.443857715388509,0.443857715388509,1,0.2781680055198,-0.0587174787157004,-0.618942843374923,0.352104995400981,0.313188847718664,,,,,,,,
"LEP","LEP",0.261439533484421,134,FALSE,28.632797404123,0.00186219739292365,0.313330471632394,0.313330471632395,0.313330471632394,1,-0.0609840638991737,0.203474394515967,-0.187272033942756,0.265006767077597,0.261439533484421,,,,,,,,
"LIF","LIF",-0.0529984811133368,106,FALSE,24.3003822710778,0.00181488203266788,0.23666994931955,0.23666994931955,0.236669949319549,1,0.40196828805468,-0.2140068041504,-0.35746610714548,0.228493823481303,-0.0529984811133368,,,,,,,,
"LRRK2","LRRK2",0.253783952634908,82,FALSE,19.4379522771474,0.00177619893428064,0.17008746425191,0.17008746425191,0.170087464251909,3,-0.0825316623088336,-0.193219549115104,-0.517777325670534,0.30676556808008,0.253783952634908,,,,,,,,
"LYN","LYN",-0.35491812716735,204,FALSE,106.169600660778,0.00199203187250996,0.427004781260962,0.427004781260964,0.427004781260962,2,0.129920624601731,0.254797138464607,-0.611565797524475,0.748410496370672,-0.35491812716735,3.10544410147261e-33,9.28527786340312e-31,"Not annotated",0.427004781260964,37,3,TRUE,0.00177458123818128
"MAP2K1","MAP2K1",-0.196649742581859,206,FALSE,108.900487757857,0.00199600798403194,0.460623172159454,0.460623172159454,0.460623172159454,3,-0.073085787907144,0.273878285466474,-0.162587442436453,0.143382107765693,-0.196649742581859,,,,,,,,
"MAPK1","MAPK1",-0.152702737836253,294,FALSE,285.40311653534,0.00218818380743982,0.594710866517168,0.594710866517168,0.594710866517167,3,-0.0667961980218705,-0.475464250759539,0.334585759295458,0.00676463311412215,-0.152702737836253,,,,,,,,
"MAPK14","MAPK14",-0.574991778346121,218,FALSE,128.668105866445,0.00202020202020202,0.475037202556384,0.475037202556385,0.475037202556384,3,-0.189260699169701,-0.200512563031476,0.223205180470457,0.244303050555401,-0.574991778346121,,,,,,,,
"MAPK3","MAPK3",0.255071540454685,416,FALSE,690.198579410622,0.00252525252525253,0.798164152237349,0.798164152237351,0.798164152237349,3,-0.293508166882662,0.653161230104929,-0.402721964651015,-0.10669212659742,0.255071540454685,4.86327889410128e-19,1.45412038933628e-16,"Not annotated",0.798164152237351,94,4,FALSE,0.00590587434083443
"MAPK8","MAPK8",-0.158664808514155,232,FALSE,142.023431562904,0.00204918032786885,0.501554294170351,0.501554294170351,0.50155429417035,3,-0.183906548009769,0.0457623617226019,-0.113477895010246,0.221429362566365,-0.158664808514155,,,,,,,,
"MAPK9","MAPK9",-0.502496392978623,114,FALSE,24.8442095743463,0.00182815356489945,0.262837113059994,0.262837113059994,0.262837113059994,3,-0.118484010171937,0.0181384055396295,0.137089581377801,-0.19407797202463,-0.502496392978623,,,,,,,,
"MAPT","MAPT",0.676653217275698,82,FALSE,13.8908928037703,0.00177619893428064,0.178980188927291,0.178980188927291,0.178980188927291,3,-0.330571821252764,0.231864404084712,-0.228443543197661,-0.274367950339648,0.676653217275698,2.8341209882589e-10,8.47402175489412e-08,"Not annotated",0.178980188927291,119,3,TRUE,0.00116175170927055
"MCL1","MCL1",-0.596428339896535,124,FALSE,18.0546181659608,0.0018450184501845,0.297330965270832,0.297330965270832,0.297330965270832,3,0.146268767981704,0.182837005884077,-0.546948199791743,0.86385292960178,-0.596428339896535,8.05363759365927e-32,2.40803764050412e-29,"Not annotated",0.297330965270832,41,4,FALSE,0.00238554515582317
"MDM2","MDM2",-0.148926242648882,194,FALSE,90.5355806460746,0.0019723865877712,0.403569978723152,0.403569978723152,0.403569978723151,3,0.33418412199218,-0.0888685898453796,0.0700432476319468,-0.0876050197248014,-0.148926242648882,,,,,,,,
"MET","MET",-0.0680567742714556,228,FALSE,137.065254247224,0.00204081632653061,0.496816063288195,0.496816063288195,0.496816063288195,2,0.172183797419827,-0.323106568662884,0.357741310223916,0.432094813759468,-0.0680567742714556,,,,,,,,
"MKI67","MKI67",-0.372161073071214,106,FALSE,14.8148224095027,0.00181488203266788,0.261502302303829,0.261502302303829,0.261502302303829,4,-0.321104070946923,0.718608835690819,-0.388750633650211,0.422758468444974,-0.372161073071214,6.97904857141204e-27,2.0867355228522e-24,"urinary bladder cancer; bladder disease",0.261502302303829,61,5,FALSE,0.00232411021727641
"MMP2","MMP2",0.374496047006337,176,FALSE,55.2181503203383,0.00193798449612403,0.409838088590604,0.409838088590604,0.409838088590603,4,-0.102916372888053,-0.456635421350621,-0.289124803272724,0.211885059714626,0.374496047006337,,,,,,,,
"MMP3","MMP3",-0.259915071063881,108,FALSE,16.8201689483391,0.00181818181818182,0.262047944078451,0.262047944078451,0.262047944078451,4,0.0627591727788874,0.308865763419951,-0.562342082828028,0.733902481892642,-0.259915071063881,1.4705503568786e-34,4.39694556706702e-32,"Not annotated",0.262047944078451,32,5,FALSE,0.00121810943154246
"MMP9","MMP9",-0.0376994249981127,246,FALSE,129.549097476602,0.00207900207900208,0.545672718314599,0.545672718314599,0.545672718314598,4,0.232802904605261,0.0805956055853068,-0.654161052789918,0.479726579194511,-0.0376994249981127,6.86116922364392e-35,2.05148959786953e-32,"urinary bladder cancer",0.545672718314599,31,5,FALSE,0.00294374467769823
"MTOR","MTOR",-0.190006385921314,252,FALSE,148.886883903888,0.00209205020920502,0.557865415513445,0.557865415513445,0.557865415513444,3,-0.0251895047165652,0.0253578636676443,0.194034393289116,-0.408567938806614,-0.190006385921314,,,,,,,,
"NANOG","NANOG",-0.230647144878441,118,FALSE,22.3055837764458,0.0018348623853211,0.265098626282902,0.265098626282902,0.265098626282901,4,-0.0212774164445506,-0.106725841839792,-0.0119270921248703,0.123350017593596,-0.230647144878441,,,,,,,,
"NCAM1","NCAM1",0.00468435109664341,144,FALSE,48.2838527361018,0.0018796992481203,0.31263741457639,0.31263741457639,0.31263741457639,1,-0.137196674789806,-0.104628786982743,-0.138049083321286,-0.0743758087702829,0.00468435109664341,,,,,,,,
"NCK1","NCK1",-0.388368839679536,112,FALSE,31.4559252019277,0.00182481751824818,0.218127686391486,0.218127686391486,0.218127686391485,2,0.202434079679104,-0.393581952190391,-0.398657472095615,1.42720975451271,-0.388368839679536,3.44604437560686e-44,1.03036726830645e-41,"Not annotated",0.218127686391486,15,3,TRUE,0.00340535589565015
"NES","NES",0.707162510703218,104,FALSE,13.829220363012,0.00181159420289855,0.242528623145694,0.242528623145694,0.242528623145694,4,-0.341669324966551,0.0578508480559317,-0.494830986762336,0.15547827013173,0.707162510703218,5.08704652306118e-16,1.52102691039529e-13,"Not annotated",0.242528623145694,104,5,FALSE,0.0012527205446387
"NF1","NF1",-0.110379542146192,114,FALSE,25.4720000915571,0.00182815356489945,0.251553643070471,0.251553643070471,0.25155364307047,3,0.137091293298547,-0.372937092911917,0.439304836610749,-0.360053458930793,-0.110379542146192,,,,,,,,
"NFKBIA","NFKBIA",-0.172152397705317,194,FALSE,78.9222891834515,0.0019723865877712,0.433073709704947,0.433073709704947,0.433073709704946,3,0.384499289542239,-0.0615884132445399,-0.271943350594906,0.137778467656433,-0.172152397705317,,,,,,,,
"NGF","NGF",0.238261967301635,226,FALSE,140.119127658306,0.00203665987780041,0.483770533049593,0.483770533049594,0.483770533049594,2,-0.276948265518956,-0.0925412566719496,-0.476066790776493,0.41860075628535,0.238261967301635,,,,,,,,
"NGFR","NGFR",0.186121057954457,152,FALSE,59.4404325699802,0.00189393939393939,0.315580707933193,0.315580707933193,0.315580707933193,2,-0.112971593881921,-0.272662620721337,-0.51607664830491,0.648324151327763,0.186121057954457,1.09169897436534e-27,3.26417993335237e-25,"bladder disease",0.315580707933193,57,2,TRUE,0.00169804773749151
"NPM1","NPM1",0.0713593064045491,100,FALSE,21.0959840213248,0.00180505415162455,0.219340604019097,0.219340604019097,0.219340604019097,3,-0.0538219321768411,-0.78353224815715,0.414033294431147,0.44824988239784,0.0713593064045491,3.74059297762463e-25,1.11843730030976e-22,"Not annotated",0.219340604019097,72,4,FALSE,0.00125797066935611
"NR3C1","NR3C1",-0.178793825145716,122,FALSE,25.2528607834039,0.00184162062615101,0.285033976662041,0.285033976662041,0.28503397666204,3,-0.0584057988857702,-0.789612659555855,-0.0879381795149876,0.582818261430783,-0.178793825145716,8.62973984081876e-19,2.58029221240481e-16,"Not annotated",0.285033976662041,96,4,FALSE,0.00130622223392587
"NRAS","NRAS",-0.691782592461225,246,FALSE,168.142169663625,0.00207900207900208,0.49027230531762,0.490272305317621,0.49027230531762,2,-0.403541397889614,0.499721339455956,-0.101797589040037,0.485716299297238,-0.691782592461225,3.4394223664973e-14,1.02838728758269e-11,"Not annotated",0.490272305317621,106,2,TRUE,0.00531222804639619
"NTRK1","NTRK1",-0.0231903034315076,204,FALSE,110.726299529269,0.00199203187250996,0.428201395511024,0.428201395511024,0.428201395511024,2,-0.241481419738747,0.0190226432399066,-0.293273881818354,0.131308766244399,-0.0231903034315076,,,,,,,,
"NTRK2","NTRK2",0.160814955347058,140,FALSE,46.81439920271,0.00187265917602996,0.30096616968114,0.30096616968114,0.300966169681139,2,-0.0243988864592962,-0.288034693398379,-0.377618499745736,0.329001524179948,0.160814955347058,,,,,,,,
"PAK1","PAK1",-0.321736339184194,84,FALSE,10.0778198913529,0.00177935943060498,0.196048814855564,0.196048814855564,0.196048814855564,2,0.503898789366722,-0.447924903563298,0.106388725941302,0.208994372385985,-0.321736339184194,,,,,,,,
"PARP1","PARP1",0.336818977551591,114,FALSE,21.7153123858844,0.00182815356489945,0.249520781743908,0.249520781743908,0.249520781743908,3,-0.0251976023845777,0.0505716749632159,-0.0522866972288116,-0.452677168327349,0.336818977551591,,,,,,,,
"PDGFA","PDGFA",-0.149838180527254,120,FALSE,31.5672326137372,0.00183823529411765,0.260422864953661,0.260422864953661,0.26042286495366,2,-0.158142624078893,-0.257812738241085,-0.17352303050988,0.506420905576744,-0.149838180527254,,,,,,,,
"PDGFB","PDGFB",0.208444692746735,170,FALSE,75.4545176441978,0.00192678227360308,0.359608418685323,0.359608418685323,0.359608418685323,2,-0.34812666894751,0.363847350237459,-0.489303054314067,0.119447059932229,0.208444692746735,,,,,,,,
"PDGFRA","PDGFRA",0.570823684863326,212,FALSE,152.257349005121,0.00200803212851406,0.426531322567973,0.426531322567973,0.426531322567972,2,-0.187336602713532,-0.218180245568677,-0.412803038532914,0.214717873878087,0.570823684863326,,,,,,,,
"PDGFRB","PDGFRB",0.530738322875829,238,FALSE,158.725535429065,0.00206185567010309,0.499720007268134,0.499720007268134,0.499720007268134,2,-0.328533887686443,0.0514536310053001,-0.637961776255636,0.55911095555204,0.530738322875829,8.47404263781991e-37,2.53373874870815e-34,"Not annotated",0.499720007268134,25,2,TRUE,0.0031883894826431
"PECAM1","PECAM1",0.142849711107151,216,FALSE,117.071958084744,0.00201612903225806,0.458949755373114,0.458949755373115,0.458949755373113,4,-0.0469328377326534,-0.00827108423428486,-0.58499841740953,0.393126768214434,0.142849711107151,,,,,,,,
"PGR","PGR",0.862328591277334,134,FALSE,35.4868116615729,0.00186219739292365,0.32252550484918,0.32252550484918,0.32252550484918,3,-0.195432475518397,-0.400763123593646,-0.233371649874897,0.0236547429666748,0.862328591277334,4.16896575978232e-12,1.24652076217491e-09,"Not annotated",0.32252550484918,115,4,FALSE,0.00453329025020441
"PIK3CA","PIK3CA",-0.11265193424002,348,FALSE,436.254439662543,0.00232558139534884,0.671208175230605,0.671208175230606,0.671208175230605,2,-0.212502467335582,-0.176639983268833,0.117900878544241,0.00370636901716317,-0.11265193424002,,,,,,,,
"PIK3CD","PIK3CD",0.220135120045967,168,FALSE,66.1792854191966,0.00192307692307692,0.334730236484371,0.334730236484371,0.334730236484371,2,0.121696564690876,-0.22866942222191,-0.590027227811465,0.497862589414525,0.220135120045967,8.57886122896503e-29,2.56507950746054e-26,"Not annotated",0.334730236484371,54,2,TRUE,0.0046792424266182
"PIK3CG","PIK3CG",0.109593703352577,108,FALSE,16.5106281483543,0.00181818181818182,0.241978727694488,0.241978727694488,0.241978727694487,2,0.153046052194994,-0.219932742058579,-0.546023500605415,0.454047151008428,0.109593703352577,2.51639152559871e-25,7.52401066154015e-23,"Not annotated",0.241978727694488,70,2,TRUE,0.00130295833233819
"PIK3R1","PIK3R1",-0.178820972998324,326,FALSE,370.313325422989,0.00226757369614512,0.626158519318998,0.626158519318999,0.626158519318998,2,0.19787662897432,-0.663313132509983,0.171103529006564,-0.0982765928359968,-0.178820972998324,,,,,,,,
"PIK3R2","PIK3R2",-0.1049497285356,204,FALSE,106.285519691178,0.00199203187250996,0.402425804888328,0.402425804888328,0.402425804888327,2,0.211367755694784,-0.477256739991262,0.588835846626511,-0.603360754106158,-0.1049497285356,1.9888360476525e-29,5.94661978248097e-27,"Not annotated",0.402425804888328,45,2,TRUE,0.00496964286322825
"PIK3R3","PIK3R3",-0.213533993043368,170,FALSE,68.4981209860449,0.00192678227360308,0.338630474038531,0.338630474038531,0.33863047403853,2,0.184715967342069,0.120832973799354,-0.267756416815455,-0.214219117328519,-0.213533993043368,,,,,,,,
"PLCG1","PLCG1",0.224141353550309,228,FALSE,140.447908599874,0.00204081632653061,0.456770907009545,0.456770907009545,0.456770907009545,2,-0.192561202909658,0.0455422984981794,-0.223427012359545,-0.0786542928772572,0.224141353550309,,,,,,,,
"PLCG2","PLCG2",0.203844868410076,128,FALSE,36.7976027656264,0.00185185185185185,0.258274302640485,0.258274302640485,0.258274302640484,2,-0.115743583049582,-0.201613779887938,-0.191147116315066,-0.0290305861273281,0.203844868410076,,,,,,,,
"PLEK","PLEK",0.25966715186211,86,FALSE,14.1779553713723,0.0017825311942959,0.195263258846456,0.195263258846456,0.195263258846456,2,0.196357472386175,0.0122723940734359,-0.725666217015124,0.638333548510304,0.25966715186211,2.8260511494022e-46,8.44989293671257e-44,"Not annotated",0.195263258846456,12,3,TRUE,0.00117857547684999
"POU5F1","POU5F1",0.302812800341451,132,FALSE,34.3651616133742,0.00185873605947955,0.282792641805995,0.282792641805995,0.282792641805995,4,-0.350528831809079,0.666396448023002,0.231024142167489,-0.734109136646855,0.302812800341451,2.85397804513541e-22,8.53339435495489e-20,"Not annotated",0.282792641805995,81,5,FALSE,0.00247068847144149
"PPARG","PPARG",0.330546506958953,202,FALSE,98.4959444781784,0.00198807157057654,0.441719063839677,0.441719063839677,0.441719063839677,3,0.230757423065493,0.454982924416819,0.510359559340212,-1.19612560517322,0.330546506958953,7.40221656303713e-79,2.2132627523481e-76,"urinary bladder cancer",0.441719063839677,1,4,FALSE,0.00157920417159015
"PPP2CA","PPP2CA",-0.238352050444478,122,FALSE,38.2638026628753,0.00184162062615101,0.256249073524961,0.256249073524961,0.25624907352496,3,0.0755586286649918,-0.419048221808484,0.272600014328208,0.689819609009751,-0.238352050444478,5.95595619600849e-13,1.78083090260654e-10,"Not annotated",0.256249073524961,112,3,TRUE,0.00135299179580886
"PPP2R1A","PPP2R1A",0.427427855861086,120,FALSE,35.8617406237836,0.00183823529411765,0.254404499550148,0.254404499550148,0.254404499550148,3,-0.0465741940694033,-0.00164743018313566,0.353558286831053,-0.690966066032604,0.427427855861086,4.10156065904332e-12,1.22636663705395e-09,"Not annotated",0.254404499550148,114,3,TRUE,0.00135848050881572
"PRKACA","PRKACA",0.0155714617201784,96,FALSE,27.5444500877974,0.00179856115107914,0.197395876199733,0.197395876199733,0.197395876199733,3,-0.150713667745562,0.175563205186347,-0.182694141964252,-0.163443444539564,0.0155714617201784,,,,,,,,
"PRKCA","PRKCA",-0.108554810907136,140,FALSE,55.2608726937019,0.00187265917602996,0.297584545465794,0.297584545465794,0.297584545465794,2,0.00759528736937344,-0.168055276652679,0.128696259136061,-0.510360586058203,-0.108554810907136,,,,,,,,
"PRKCZ","PRKCZ",-0.291129743462562,134,FALSE,40.9829023922998,0.00186219739292365,0.293425437591653,0.293425437591653,0.293425437591652,2,0.255423563509461,-0.116090263781608,0.628319520527135,-0.555935734126971,-0.291129743462562,5.3518259925109e-38,1.60019597176076e-35,"Not annotated",0.293425437591653,23,2,TRUE,0.0014003230294827
"PRLR","PRLR",0.325588741472826,76,FALSE,9.29774295981981,0.00176678445229682,0.160015929349743,0.160015929349743,0.160015929349743,1,-0.32780849343666,0.841717633204581,-0.349211774474098,-0.425391311939093,0.325588741472826,1.18043788106849e-31,3.52950926439477e-29,"Not annotated",0.160015929349743,42,1,FALSE,0.00142411227878221
"PROM1","PROM1",0.0335313032163577,112,FALSE,11.2276821316862,0.00182481751824818,0.281826756567869,0.281826756567869,0.281826756567868,4,-0.130194867942011,0.559995080840884,-0.39625675547281,-0.326557530080609,0.0335313032163577,,,,,,,,
"PTEN","PTEN",-0.0708604025999332,362,FALSE,442.82484811441,0.00236406619385343,0.722868142395789,0.72286814239579,0.722868142395788,3,-0.0619740992252328,-0.556031627531186,0.270983967505194,0.0241377726554766,-0.0708604025999332,,,,,,,,
"PTGS2","PTGS2",-0.394951137332087,182,FALSE,47.5089305228614,0.00194931773879142,0.437474109141123,0.437474109141124,0.437474109141123,1,0.327532013446311,-0.424766181781431,-0.0661466535405732,0.602153384100642,-0.394951137332087,3.55133241067277e-11,1.06184839079116e-08,"urinary bladder cancer; bladder carcinoma; bladder disease",0.437474109141124,116,1,FALSE,0.00262096288346501
"PTK2","PTK2",0.258762152724426,212,FALSE,109.800843608045,0.00200803212851406,0.466988552066109,0.466988552066109,0.466988552066109,2,0.0479109943904051,-0.26010588852357,0.538778232944073,-0.571212385214332,0.258762152724426,7.37112915577988e-24,2.20396761757818e-21,"Not annotated",0.466988552066109,77,3,TRUE,0.00302198028217989
"PTK2B","PTK2B",-0.269578170280333,116,FALSE,27.1718262475732,0.00183150183150183,0.249487994303504,0.249487994303504,0.249487994303504,2,0.15837894610144,-0.620761710026739,0.485263448017297,-0.186154144677491,-0.269578170280333,1.46631087546614e-22,4.38426951764374e-20,"Not annotated",0.249487994303504,80,3,TRUE,0.00439396913985498
"PTPN1","PTPN1",-0.184269798427188,106,FALSE,18.0134067972094,0.00181488203266788,0.259416377028516,0.259416377028516,0.259416377028515,2,0.0907789449866642,-0.249475979490105,-0.323878817380772,0.553527939325964,-0.184269798427188,,,,,,,,
"PTPN11","PTPN11",0.0241084811437305,316,FALSE,342.081051589252,0.00224215246636771,0.615079767225405,0.615079767225406,0.615079767225405,2,-0.0897190754845681,-0.211768498525002,0.16969388941881,-0.234923745826081,0.0241084811437305,,,,,,,,
"PTPN6","PTPN6",0.21844826261736,128,FALSE,28.3570700409369,0.00185185185185185,0.277880504003152,0.277880504003152,0.277880504003152,1,0.318122931629196,-0.263708122714494,-0.00113854045506532,-0.555401692364478,0.21844826261736,,,,,,,,
"PTPRC","PTPRC",0.26474572879059,246,FALSE,159.254106728631,0.00207900207900208,0.524352859261365,0.524352859261367,0.524352859261365,1,0.229326866183396,-0.135265687433056,-0.591147454929407,0.437337974174791,0.26474572879059,1.55051786664435e-25,4.63604842126661e-23,"Not annotated",0.524352859261367,68,1,FALSE,0.00292407845102996
"PXN","PXN",0.150687266282127,186,FALSE,81.8505975557442,0.00195694716242661,0.403492396198344,0.403492396198344,0.403492396198344,2,0.108819083014379,-0.749164519550012,0.544346467150901,-0.153698678809386,0.150687266282127,5.12741743791838e-33,1.5330978139376e-30,"Not annotated",0.403492396198344,38,3,TRUE,0.00292114733309663
"RAC1","RAC1",-0.375717264640694,192,FALSE,100.710595273065,0.00196850393700787,0.393182279343231,0.393182279343232,0.393182279343232,2,0.393432684754046,-0.117314625245723,0.269067061800697,0.206440632031263,-0.375717264640694,,,,,,,,
"RAC2","RAC2",0.104122148784173,116,FALSE,32.0992466144156,0.00183150183150183,0.230454484675487,0.230454484675487,0.230454484675486,2,0.159201180922905,-0.341515086553883,-0.427985618759732,0.683827449581918,0.104122148784173,1.0541724914169e-20,3.15197574933654e-18,"Not annotated",0.230454484675487,84,3,TRUE,0.00136174878788916
"RAF1","RAF1",0.207683571958071,156,FALSE,51.2438875304458,0.00190114068441065,0.34773299630113,0.34773299630113,0.34773299630113,3,-0.235915816693143,0.668323174767947,-0.120017933060791,-0.309118298032588,0.207683571958071,,,,,,,,
"RASA1","RASA1",-0.243365239146695,102,FALSE,18.4367707915372,0.00180831826401447,0.222608920926244,0.222608920926243,0.222608920926243,2,0.123968971965505,-0.393289595936048,0.425436150074998,-0.261296694508915,-0.243365239146695,,,,,,,,
"RB1","RB1",0.274308400243066,106,FALSE,12.4520830715301,0.00181488203266788,0.242777526855065,0.242777526855065,0.242777526855065,3,0.230764852874322,-0.888812900448142,0.299383214700157,0.30923782038054,0.274308400243066,8.22232263084288e-27,2.45847446662202e-24,"urinary bladder cancer",0.242777526855065,62,4,FALSE,0.00127944566730156
"RELA","RELA",-0.316018098967887,200,FALSE,105.23126353255,0.00198412698412698,0.420565822731823,0.420565822731823,0.420565822731823,3,0.311645178066342,-0.10181938753186,0.145900687800587,-0.238435576622658,-0.316018098967887,,,,,,,,
"RET","RET",-0.235112350111411,130,FALSE,35.8677142143771,0.00185528756957328,0.291086673069686,0.291086673069686,0.291086673069685,2,-0.0947037759944632,-0.0650325783390958,-0.0243923826582878,0.219225778417394,-0.235112350111411,,,,,,,,
"RHOA","RHOA",-0.273270033841213,296,FALSE,285.335252857297,0.00219298245614035,0.604029510220908,0.604029510220909,0.604029510220908,2,-0.220483387929501,0.292159813674762,0.0410005518543347,-0.27316831587441,-0.273270033841213,,,,,,,,
"RPS27A","RPS27A",0.052667860121271,196,FALSE,131.322718310058,0.00197628458498024,0.377234121746249,0.377234121746249,0.377234121746249,3,0.061314864956266,-0.628210512895261,0.389512119662728,-0.0735919328210025,0.052667860121271,1.38970522222877e-16,4.15521861446401e-14,"Not annotated",0.377234121746249,103,2,TRUE,0.00494108377528323
"SDC1","SDC1",0.0856446436360707,112,FALSE,26.4812417553182,0.00182481751824818,0.264138149353175,0.264138149353175,0.264138149353174,1,0.384782610301014,-0.205921326259744,0.612848145419683,-0.17965290986985,0.0856446436360707,,,,,,,,
"SERPINE1","SERPINE1",-0.454959112124494,98,FALSE,9.98754880508986,0.0018018018018018,0.2359438734028,0.235943873402801,0.2359438734028,4,0.105955373854281,-0.124411495818047,-0.1313852293303,0.652613805788984,-0.454959112124494,2.86420792451863e-08,8.5639816943107e-06,"urinary bladder cancer",0.235943873402801,121,5,FALSE,0.00220009322874738
"SHC1","SHC1",0.165543009844289,288,FALSE,241.034861958121,0.00217391304347826,0.574198094880657,0.574198094880658,0.574198094880657,2,0.101865128454188,-0.19341944029132,-0.225944966889051,0.606182349328132,0.165543009844289,,,,,,,,
"SHH","SHH",0.201955431853799,136,FALSE,35.7153809250507,0.00186567164179104,0.294652046596998,0.294652046596999,0.294652046596998,4,0.331525179949755,-0.805467935050457,0.556143594668126,-0.526705370323679,0.201955431853799,4.45655558582657e-41,1.33251012016214e-38,"Not annotated",0.294652046596999,18,5,FALSE,0.00258781005235933
"SMAD2","SMAD2",0.061442726256166,186,FALSE,79.4933316950235,0.00195694716242661,0.408871131382026,0.408871131382027,0.408871131382026,4,-0.042131044405685,-0.386945594158328,0.381642363408244,-0.421452048723217,0.061442726256166,,,,,,,,
"SMAD3","SMAD3",-0.261042016202688,190,FALSE,87.473700757095,0.00196463654223969,0.407916902816825,0.407916902816825,0.407916902816825,3,0.58119551950435,-0.830637205673439,0.634620753301414,-0.222717480166886,-0.261042016202688,1.28913425194413e-55,3.85451141331294e-53,"Not annotated",0.407916902816825,5,4,FALSE,0.00267821512528956
"SMAD4","SMAD4",-0.170383877272178,188,FALSE,93.9289702545459,0.00196078431372549,0.39171862176533,0.39171862176533,0.39171862176533,3,0.0453423405562737,0.0399625066293889,-0.146749070376967,0.302966420721294,-0.170383877272178,,,,,,,,
"SMARCA4","SMARCA4",-0.166778248986018,98,FALSE,17.3386568668879,0.0018018018018018,0.205874188556656,0.205874188556657,0.205874188556656,3,-0.079990552076113,-0.0948730572702849,0.153404052186362,-0.0217111686020999,-0.166778248986018,,,,,,,,
"SNAI1","SNAI1",0.184544865910288,150,FALSE,38.0221913362665,0.00189035916824197,0.34777033938634,0.34777033938634,0.34777033938634,4,-0.208872982887387,0.0260617497988262,-0.595599478933644,0.504895303916209,0.184544865910288,7.70712187665333e-29,2.30442944111935e-26,"Not annotated",0.34777033938634,52,5,FALSE,0.00254251928185822
"SNAI2","SNAI2",-0.203257711048471,114,FALSE,16.6220916968245,0.00182815356489945,0.270039623088921,0.270039623088922,0.270039623088921,4,0.193022191373113,-1.15977996234846,0.0786877985972552,0.937775383216797,-0.203257711048471,8.78653611113492e-56,2.62717429722934e-53,"urinary bladder cancer; bladder carcinoma",0.270039623088922,4,5,FALSE,0.00238216442345621
"SNCA","SNCA",0.227960047303332,90,FALSE,18.8894262104935,0.00178890876565295,0.19736983499541,0.19736983499541,0.19736983499541,3,0.0210724356287277,-0.108769124219427,-0.527632820006227,0.56161487403717,0.227960047303332,8.93484221180428e-19,2.67151782132948e-16,"Not annotated",0.19736983499541,97,3,TRUE,0.00117240483806028
"SOCS1","SOCS1",-0.0606662810811321,136,FALSE,35.3895443850812,0.00186567164179104,0.304068668021172,0.304068668021173,0.304068668021172,1,0.106775255233023,0.11927618317009,-0.639642113514464,0.54460580362066,-0.0606662810811321,7.61566113780512e-29,2.27708268020373e-26,"urinary bladder cancer",0.304068668021173,51,1,FALSE,0.00245784811806115
"SOCS3","SOCS3",-0.0347292725557058,168,FALSE,53.5407097874686,0.00192307692307692,0.378055512333588,0.378055512333589,0.378055512333588,1,0.397749658387376,0.0757629498093218,-0.73329978610698,0.810446862350402,-0.0347292725557058,2.58229878622089e-52,7.72107337080047e-50,"Not annotated",0.378055512333589,7,1,FALSE,0.00146365318602476
"SOX2","SOX2",,162,FALSE,56.4253178493665,0.00191204588910134,0.351817414380262,0.351817414380262,0.351817414380262,4,,,,,,,,,,,,,
"SOX9","SOX9",-0.292754174738343,132,FALSE,35.9745886288363,0.00185873605947955,0.283255374828442,0.283255374828442,0.283255374828441,4,-0.0651237201181586,0.315568753999087,-0.547723121279612,0.993692149592421,-0.292754174738343,1.46569489227373e-37,4.38242772789844e-35,"Not annotated",0.283255374828442,24,5,FALSE,0.00144098250170507
"SP1","SP1",-0.113839189671088,110,FALSE,18.3458021677754,0.00182149362477231,0.250219798503837,0.250219798503837,0.250219798503837,3,0.222574154378648,-0.403248358276135,0.442434890869792,-0.402435767471019,-0.113839189671088,,,,,,,,
"SPP1","SPP1",-0.744131128090171,132,FALSE,26.9829155486881,0.00185873605947955,0.317589296929655,0.317589296929655,0.317589296929655,4,0.3865306774832,0.115036142968554,-0.298403709915127,0.470230032338994,-0.744131128090171,1.29484635616527e-12,3.87159060493415e-10,"urinary bladder cancer",0.317589296929655,113,5,FALSE,0.00135182806365342
"SRC","SRC",0.454332951815782,470,FALSE,984.065066155964,0.002710027100271,0.875682181405613,0.875682181405614,0.875682181405613,2,0.147956537843772,0.0155989444581564,0.469393645720815,-0.767133530109263,0.454332951815782,2.52268176627784e-20,7.54281848117074e-18,"Not annotated",0.875682181405614,88,3,TRUE,0.00627407897707845
"STAT1","STAT1",-0.598305515760312,220,FALSE,108.685474429514,0.00202429149797571,0.477635186665912,0.477635186665913,0.477635186665913,1,0.534370007580344,-0.0951044234912255,-0.348361442571398,0.724468249784553,-0.598305515760312,1.10619412681997e-19,3.3075204391917e-17,"Not annotated",0.477635186665913,89,1,FALSE,0.002707168410414
"STAT3","STAT3",-0.594341514416131,416,FALSE,628.336859429219,0.00252525252525253,0.822517287300536,0.822517287300537,0.822517287300536,1,0.471420900946776,-0.475478204295732,-0.234015501574675,0.677675075346706,-0.594341514416131,2.62517257937973e-19,7.8492660123454e-17,"Not annotated",0.822517287300537,92,1,FALSE,0.00577333272893441
"STAT5A","STAT5A",-0.0293977495072084,232,FALSE,134.937609109478,0.00204918032786885,0.497957377136009,0.497957377136009,0.497957377136009,1,0.058086647040582,0.0314625746862252,-0.239102556893869,-0.265050915772845,-0.0293977495072084,,,,,,,,
"STAT5B","STAT5B",0.340299848303013,232,FALSE,139.408562751549,0.00204918032786885,0.50057205683228,0.500572056832281,0.50057205683228,1,-0.120477688030175,-0.308461452587379,-0.0281631314444216,-0.281216565502748,0.340299848303013,,,,,,,,
"STAT6","STAT6",0.213127735865407,112,FALSE,20.3744988658541,0.00182481751824818,0.250307840309086,0.250307840309086,0.250307840309086,1,0.361479115457762,-0.76503098698076,0.572597030162246,-0.332640872411629,0.213127735865407,2.50154692589218e-49,7.47962530841761e-47,"Not annotated",0.250307840309086,10,1,FALSE,0.001176719487671
"SYK","SYK",-0.275321647298277,178,FALSE,85.6667393634846,0.00194174757281553,0.370923271470822,0.370923271470823,0.370923271470822,2,0.0903563282904856,-0.0302854041853285,-0.150589216063766,-0.0941808268435624,-0.275321647298277,,,,,,,,
"TERT","TERT",-0.0301774443646347,100,FALSE,15.5444291278147,0.00180505415162455,0.240517351099276,0.240517351099276,0.240517351099276,3,-0.188352346711586,0.413718485320098,-0.160196023820497,-0.0348818619114991,-0.0301774443646347,,,,,,,,
"TFRC","TFRC",0.0189937137820354,90,FALSE,18.4629154815309,0.00178890876565295,0.217749945792202,0.217749945792202,0.217749945792202,1,0.0762681643114798,0.388250581434812,0.0447502052126177,-0.0442379954878613,0.0189937137820354,,,,,,,,
"TGFA","TGFA",-0.301353911485633,112,FALSE,16.8083852129837,0.00182481751824818,0.253643996583419,0.253643996583419,0.253643996583418,2,0.00430307995971024,0.528704136652775,-0.0897530109723011,0.669296732908459,-0.301353911485633,,,,,,,,
"TGFB1","TGFB1",-0.307276190038545,190,FALSE,75.7072913933258,0.00196463654223969,0.432762422935153,0.432762422935154,0.432762422935153,4,0.15695714862207,-0.836193134941557,0.0626921729358412,0.556568877214807,-0.307276190038545,1.06585344426134e-22,3.1869017983414e-20,"urinary bladder cancer; bladder carcinoma",0.432762422935154,79,5,FALSE,0.0026390378739809
"TGFBR2","TGFBR2",0.0921972506126904,108,FALSE,27.6407599882721,0.00181818181818182,0.242822551160893,0.242822551160894,0.242822551160893,4,-0.233388332398107,-0.742822002077068,0.182439329902402,-0.105589682645937,0.0921972506126904,,,,,,,,
"THBS1","THBS1",-0.308563715087304,92,FALSE,14.7574702120487,0.0017921146953405,0.212942439070872,0.212942439070872,0.212942439070872,4,-0.350833206324968,-0.426505899047726,-0.0190698048995303,0.358692022079885,-0.308563715087304,,,,,,,,
"TIMP1","TIMP1",-0.0885152286593663,106,FALSE,7.59825288989186,0.00181488203266788,0.263021464576668,0.263021464576669,0.263021464576669,4,-0.124765635922025,-0.287756117513195,-0.420054509660851,0.690629546890095,-0.0885152286593663,1.06821272735171e-17,3.19395605478161e-15,"Not annotated",0.263021464576669,98,5,FALSE,0.00113939916107443
"TJP1","TJP1",0.0870048500872597,104,FALSE,20.8409227205299,0.00181159420289855,0.246539586701923,0.246539586701923,0.246539586701923,4,0.00956053490359971,-0.414213690021067,0.361680298730437,-0.191214665903723,0.0870048500872597,,,,,,,,
"TLR2","TLR2",-0.400955472605537,146,FALSE,36.5613871650242,0.00188323917137476,0.321607235029279,0.321607235029279,0.321607235029279,1,0.48065954960567,-0.591104278336409,-0.175997145025792,0.838276693166875,-0.400955472605537,4.92006671148207e-26,1.47109994673314e-23,"urinary bladder cancer",0.321607235029279,66,1,FALSE,0.00128924386762146
"TLR4","TLR4",-0.554023693339199,218,FALSE,129.646048183784,0.00202020202020202,0.464542020640527,0.464542020640528,0.464542020640528,1,0.151974715507488,-0.824937708149407,0.544299377565563,-0.51412394138716,-0.554023693339199,5.05213740657338e-40,1.51058908456544e-37,"Not annotated",0.464542020640528,19,1,FALSE,0.00170462673214061
"TNF","TNF",0.317204435267842,336,FALSE,346.686223423145,0.00229357798165138,0.683401576192443,0.683401576192443,0.683401576192443,1,0.153878528776996,-0.0100950920938052,-0.601204921117112,0.532645556120041,0.317204435267842,1.21555015999967e-26,3.634494978399e-24,"bladder disease",0.683401576192443,64,1,FALSE,0.00331457550856355
"TNFRSF1A","TNFRSF1A",-0.299799185326195,138,FALSE,33.2677478962541,0.00186915887850467,0.304687496295757,0.304687496295758,0.304687496295757,1,0.542993836087833,-0.50724527354235,0.106371114825801,0.351131240759434,-0.299799185326195,9.73894524346487e-15,2.911944627796e-12,"Not annotated",0.304687496295758,105,1,FALSE,0.00128072038025218
"TP53","TP53",-0.266197422733514,430,FALSE,673.533513647705,0.0025706940874036,0.832014389853007,0.832014389853007,0.832014389853007,3,0.146911205801333,-0.439234590001201,0.511002222128678,-0.868871498974459,-0.266197422733514,8.80159463107757e-28,2.63167679469219e-25,"urinary bladder cancer; bladder carcinoma; bladder disease",0.832014389853007,56,4,FALSE,0.00589572048414767
"TRAF6","TRAF6",-0.187272377875005,162,FALSE,63.8610434977817,0.00191204588910134,0.348239129092228,0.348239129092229,0.348239129092228,3,-0.0255137173826963,-0.710152965815371,0.486205472112672,-0.216744915986455,-0.187272377875005,6.16415166333341e-25,1.84308134733669e-22,"Not annotated",0.348239129092229,73,1,FALSE,0.0014504022586054
"TYK2","TYK2",-0.0263755586569125,104,FALSE,15.6818911116434,0.00181159420289855,0.221237482452682,0.221237482452682,0.221237482452682,1,0.0569391418219947,0.0567466058534583,0.00641731285824046,-0.499066921753951,-0.0263755586569125,,,,,,,,
"UBA52","UBA52",0.376877711740673,186,FALSE,114.159380674626,0.00195694716242661,0.355802424605998,0.355802424605998,0.355802424605998,3,-0.149685973781547,-0.304768521763995,0.344963859439509,-0.234832628041302,0.376877711740673,,,,,,,,
"UBB","UBB",-0.155294039098443,196,FALSE,135.266787798519,0.00197628458498024,0.371473147186313,0.371473147186313,0.371473147186313,3,0.335003026728607,-0.589131326467065,0.299362814945013,-0.354667333681825,-0.155294039098443,,,,,,,,
"UBC","UBC",-0.062649881902295,200,FALSE,134.199194066169,0.00198412698412698,0.38897381487626,0.38897381487626,0.38897381487626,3,0.0315323677220565,0.0665544343808096,-0.241777208975103,0.702787796847961,-0.062649881902295,,,,,,,,
"VAV1","VAV1",-0.0238870196680845,158,FALSE,64.008004239117,0.0019047619047619,0.323248486559962,0.323248486559962,0.323248486559962,2,0.223210128833068,-0.399869901613043,-0.279792148788889,0.128718478168487,-0.0238870196680845,,,,,,,,
"VCL","VCL",0.438903942488164,116,FALSE,24.4905621360344,0.00183150183150183,0.256266978685776,0.256266978685776,0.256266978685776,2,-0.523900540580092,-0.359362452401431,0.253048102817806,-0.0704189786973219,0.438903942488164,,,,,,,,
"VEGFC","VEGFC",0.109743754511848,114,FALSE,17.1323704353938,0.00182815356489945,0.267715109689731,0.267715109689731,0.26771510968973,2,-0.12306713665736,0.152735780694591,-0.518115396670131,0.774303326455629,0.109743754511848,1.2001147517065e-25,3.58834310760244e-23,"urinary bladder cancer; bladder carcinoma",0.267715109689731,67,2,TRUE,0.00436916387940744
"WNT1","WNT1",0.389575863840862,98,FALSE,18.6188990886388,0.0018018018018018,0.219381146527386,0.219381146527386,0.219381146527385,4,-0.0685105392298974,0.00826724472923332,-0.330628847544949,-0.0821095912028681,0.389575863840862,,,,,,,,
"WNT3A","WNT3A",-0.0393064084372404,94,FALSE,12.6726695710848,0.00179533213644524,0.205721793302515,0.205721793302516,0.205721793302515,4,0.129435528206516,-0.0560986837225504,-0.161532569761957,0.35700809264375,-0.0393064084372404,,,,,,,,
"WNT5A","WNT5A",0.102840050353019,88,FALSE,24.746200849942,0.00178571428571429,0.183085461589159,0.183085461589159,0.183085461589159,4,0.467077845241633,-0.630212437543678,0.0544937726232874,0.144377037257123,0.102840050353019,1.47819583085489e-13,4.41980553425611e-11,"Not annotated",0.183085461589159,109,5,FALSE,0.00228700128306777
"XIAP","XIAP",-0.0876841507130846,106,FALSE,19.8831573562177,0.00181488203266788,0.237439163421311,0.237439163421311,0.237439163421311,3,0.280689137870266,-0.444311448052619,0.473139714229446,-0.394098256302544,-0.0876841507130846,,,,,,,,
"XPO1","XPO1",-0.496646019002024,80,FALSE,16.4700543166332,0.00177304964539007,0.16845892337146,0.16845892337146,0.16845892337146,3,-0.138711614936627,0.223542752593517,-0.0383300386779172,0.3406714504619,-0.496646019002024,,,,,,,,
"YAP1","YAP1",-0.0875924117570799,100,FALSE,24.5451835666295,0.00180505415162455,0.213617209061539,0.213617209061539,0.213617209061539,3,-0.0597991731759257,-0.444135174373512,0.333131799506322,0.319175519150174,-0.0875924117570799,,,,,,,,
"YES1","YES1",-0.0966410604503173,146,FALSE,50.1565590114924,0.00188323917137476,0.302927367070565,0.302927367070565,0.302927367070565,2,0.0312197067935688,0.117074782513228,0.123360609985389,-0.0640796392161099,-0.0966410604503173,,,,,,,,
"YWHAB","YWHAB",-0.167758941869475,110,FALSE,31.6766169240991,0.00182149362477231,0.232287041380737,0.232287041380737,0.232287041380737,3,0.104092757364127,0.354284911557777,0.226123114989555,-0.378559737746876,-0.167758941869475,,,,,,,,
"YWHAZ","YWHAZ",-0.181963142067949,134,FALSE,47.6914058707246,0.00186219739292365,0.290438035618764,0.290438035618763,0.290438035618763,3,-0.110095291124832,0.27074024046461,0.0610680682360017,0.35039905040398,-0.181963142067949,,,,,,,,
"ZAP70","ZAP70",0.500200260862751,120,FALSE,33.3182060938341,0.00183823529411765,0.249988014945192,0.249988014945192,0.249988014945191,1,0.197960822157116,-0.0532458478117536,-0.606357386274036,0.202812989925264,0.500200260862751,2.04017123282464e-25,6.10011198614568e-23,"Not annotated",0.249988014945192,69,1,FALSE,0.00135764507664668
